"intent","total_jobs","failed_jobs","non_failed_jobs","status_counts_json"
"Generate weekly playbook","85","6","79","{""completed"":79,""failed"":6}"
"Run a Weekly Recruiting Check for Ngoc Son (Center, Class of 2028, Football). Review recruiting pipeline status, check for new coach contacts, offers, camp invites, and questionnaires. Audit target school tiers, flag any escalation signals (new offers, coach changes, questionnaire arrivals), and post a concise recruiting status update with recommended next actions for the week.","32","0","32","{""completed"":32}"
"Please handle Email Campaign to Coaches with the Recruiting Coordinator. Send emails to coaches include my NXT1 profile link. Give me the clearest deliverable, priorities, and next steps to act on immediately.","18","0","18","{""awaiting_input"":1,""completed"":14,""paused"":2,""thinking"":1}"
"Generate the daily briefing for today. Summarize profile views, new followers, recruiting updates, and suggest actions.","9","0","9","{""completed"":9}"
"Analysis this image","8","8","0","{""failed"":8}"
"Please handle Workout Plan Builder with the Performance Coordinator. Create training plan for my position. Give me the clearest deliverable, priorities, and next steps to act on immediately.","8","0","8","{""completed"":8}"
"Try again","8","0","8","{""completed"":8}"
"Do in each order I say
1 search up 5 random colleges
2 ask me question with ask_user tool","6","0","6","{""completed"":6}"
"Generate playbooks","6","0","6","{""cancelled"":2,""completed"":4}"
"I'd like to add a general update. Please help me figure out whether this belongs in Posts, PlayerStats, Schedule, Recruiting, or News based on what I'm sharing. If this is photos or highlight video, save it in Posts with the post type set to image or video. If the right section is not obvious, ask me a quick follow-up before saving anything. After that is saved, refresh any relevant parts of my Intel report with the latest stats, achievements, and profile updates.","6","0","6","{""awaiting_input"":1,""completed"":5}"
"Please handle Training Framework Builder with the Performance Coordinator. Create a standard training framework for all teams. Give me the clearest deliverable, priorities, and next steps to act on immediately.","6","2","4","{""completed"":4,""failed"":2}"
"Again","5","0","5","{""completed"":5}"
"Analysis video","5","2","3","{""cancelled"":1,""completed"":2,""failed"":2}"
"I'd like to add a general update. Please help me figure out whether this belongs in Posts, PlayerStats, Schedule, Recruiting, or News based on what I'm sharing. If this is photos or highlight video, save it in Posts with the post type set to image or video. If the right section is not obvious, ask me a quick follow-up before saving anything.","5","0","5","{""completed"":5}"
"Please handle Profile View Tracker with the Data Coordinator. See coaches who viewed you. Give me the clearest deliverable, priorities, and next steps to act on immediately.","5","0","5","{""completed"":5}"
"Do in each order I say. 1. search up 5 random colleges. 2 ask me question with ask_user tool","4","0","4","{""completed"":4}"
"I want to review posts: Post camp-ready cutups. Please execute this action now. Objective: I want to turn my X clips into short, branded posts with captions that point people back to my athlete profile. Execution request: I need you to agent X will draft short captions, titles, posting order, and a call-to-action using https://nxt1sports.com/profile/football/jadrian-brailey/20570678 so my X-sourced clips can be posted with a cleaner recruiting-style presentation.","4","0","4","{""completed"":4}"
"I'd like to add a new profile update. Please help me draft it, then save it to the Posts collection. After that is saved, refresh any relevant parts of my Intel report with the latest stats, achievements, and profile updates.","4","0","4","{""completed"":4}"
"Sync mapprep to my profile","4","4","0","{""failed"":4}"
"What time is it","4","0","4","{""completed"":4}"
"Yes","4","0","4","{""completed"":4}"
"try again","4","0","4","{""completed"":4}"
"📎 1 file","4","0","4","{""completed"":4}"
"Athlete Testing Schedule - 5-Phase Development Plan: Foundation Building (weeks 1-4), Technical Mastery (weeks 5-8), Performance Optimization (weeks 9-12), Professional Readiness (weeks 13-16), and Continuous Monitoring (ongoing). Includes weekly skill assessments, monthly performance reviews, quarterly professional readiness evaluations, and customizable protocols for individual athlete positions.","3","1","2","{""completed"":2,""failed"":1}"
"Can u search up 2 colleges for me","3","0","3","{""completed"":3}"
"Create comprehensive 12-month testing schedule calendar entries for Huy Toan's softball athlete development program. Structure with: Phase 1 (Foundation Assessment Weeks 1-2), Phase 2 (Development Months 1-6), Phase 3 (Competition Readiness Months 7-9), Phase 4 (Professional Transition Months 10-12). Include physical tests (strength, speed, endurance), technical tests (skill proficiency, decision-making), mental tests (focus, resilience, pressure management), and professional readiness benchmarks. Write specific dates, testing protocols, and performance evaluation checkpoints for each phase.","3","1","2","{""completed"":2,""failed"":1}"
"I need to update my NXT1 profile with my current QB metrics. Can you help me add my height, weight, arm strength notes, footwork times (3-step, 5-step, 7-step), 40-time, and any conditioning results from my off-season training?","3","0","3","{""completed"":3}"
"I want to update stats: Sync your profile stats and measurements. Please execute this action now. Objective: I want to update my height, weight, and any new training metrics from my off-season work Execution request: I need you to agent X will guide you through updating my physical measurements, athletic metrics, and any new training PRs from my off-season conditioning program. This sync will ensure coaches viewing my profile at https://nxt1sports.com/profile/football/terrell-hall/41527970 see my most current development and can contact you directly.","3","0","3","{""completed"":3}"
"I'd like to add a new profile update. Please help me draft it, then save it to the Posts collection.","3","0","3","{""completed"":3}"
"Please add our roster. Don’t add the seniors tho. https://www.maxpreps.com/oh/akron/east-dragons/football/25-26/roster/","3","0","3","{""completed"":3}"
"Please handle Coach Email Writer with the Recruiting Coordinator. Write an email to a college coach for me. Give me the clearest deliverable, priorities, and next steps to act on immediately.","3","0","3","{""completed"":3}"
"Please handle Speed & Strength Builder with the Performance Coordinator. Improve athleticism & suggest videos. Give me the clearest deliverable, priorities, and next steps to act on immediately.","3","0","3","{""completed"":3}"
"Please handle Weekly Training Plan with the Performance Coordinator. Create a weekly training plan for my team. Give me the clearest deliverable, priorities, and next steps to act on immediately.","3","0","3","{""completed"":3}"
"Send introductory emails about Denee football program to Ohio Division 1 college football coaching staff","3","1","2","{""awaiting_input"":2,""failed"":1}"
"Send introductory emails about our football program to Ohio Division 1 college football coaching staff","3","1","2","{""awaiting_input"":2,""failed"":1}"
"Send weekly recruiting updates email summary: Review all recruiting activity from the past week including coach outreach, responses, new target programs, commitment updates, email campaigns, and any recruiting milestones. Compile into a digestible email and send to the user.","3","1","2","{""completed"":2,""failed"":1}"
"Training plan","3","0","3","{""completed"":3}"
"Use generate_graphic to design a clean announcement graphic for my upcoming summer camp and 7-on-7 schedule. Use my name Devin Carter, WR, Class of 2026, Douglas County. Ask me which camps to list, then produce the graphic with space to add college logos using get_college_logos if I'm attending any school-specific camps.","3","0","3","{""completed"":3}"
"analysis my vide","3","2","1","{""completed"":1,""failed"":2}"
"start reaching out to coaches for me","3","0","3","{""completed"":3}"
"1 search up 3 random colleges. 2 ask me question with ask user tool","2","0","2","{""awaiting_input"":2}"
"A","2","0","2","{""cancelled"":1,""completed"":1}"
"Add video to profile","2","0","2","{""completed"":2}"
"Analysis","2","0","2","{""completed"":2}"
"Another","2","0","2","{""completed"":2}"
"Can u create me google doc","2","0","2","{""completed"":2}"
"Can u dm coaches for me","2","0","2","{""completed"":2}"
"Can u try again","2","0","2","{""completed"":1,""paused"":1}"
"Can u turn this into a elite highlight real","2","0","2","{""completed"":2}"
"College Program Search","2","0","2","{""completed"":2}"
"Creae a graphic","2","0","2","{""completed"":2}"
"Create a highlight video with these clips for John Keller, QB","2","0","2","{""completed"":2}"
"Create a team branding graphic","2","0","2","{""completed"":2}"
"Create a welcome graphic for a new athlete joining the platform.

## Content
- Headline: ""WELCOME""
- Athlete Name: ""DRESDEN""
- Sport/Role: ""FOOTBALL — RUNNING BACK""
- Athlete Photo: https://firebasestorage.googleapis.com/v0/b/nxt-1-staging-v2.firebasestorage.app/o/Users%2FYD2QZaBUKWVyX5H76rAG2gw4Uww1_1765768502982?alt=media
- Brand Colors: Derive the color palette from the athlete photo provided above.

## Rules
- Do NOT draw, generate, or invent any logos, watermarks, or corner branding.
- Be as creative as you want with the design, style, and composition.","2","1","1","{""completed"":1,""failed"":1}"
"Create graphic","2","0","2","{""completed"":2}"
"Do a full resync of my Agent X Intel report. Gather all current data and regenerate the entire report from scratch.","2","0","2","{""completed"":2}"
"Do in exact order I say. 
1 search up 5 random collegs
2 ask me question with ask user tool","2","0","2","{""completed"":2}"
"Execute Weekly Program Compliance Audit for Crown Point Basketball program. This includes program-level governance, eligibility oversight, and operational planning.","2","0","2","{""completed"":2}"
"Execute Weekly Program Compliance Audit for Crown Point Basketball, focusing on program-level governance, eligibility oversight, and operational planning.","2","0","2","{""completed"":2}"
"Give me 3 cover 2 beater pass plays","2","0","2","{""completed"":2}"
"Go","2","0","2","{""completed"":2}"
"Hi","2","0","2","{""completed"":1,""paused"":1}"
"How to go to emails","2","0","2","{""completed"":2}"
"I see that user id tri again","2","0","2","{""cancelled"":1,""completed"":1}"
"I want to add link: Add Hudl link to NXT1. Please execute this action now. Objective: I want to connect my Hudl profile to my NXT1 page for immediate coach access. Execution request: I need you to agent X will prompt you to paste my Hudl URL (https://www.hudl.com/profile/20520379/Dresden-Finch) into my NXT1 profile to unlock film access for recruiters.","2","1","1","{""completed"":1,""failed"":1}"
"I want to launch program: Design culture-building offseason program. Please execute this action now. Objective: I want to create a structured team culture initiative to strengthen leadership and accountability. Execution request: I need you to agent X will design a multi-week offseason culture program including team leadership council selection, core values workshops, accountability systems, and team-building activities tailored to Football that you can roll out before summer training begins.","2","0","2","{""completed"":2}"
"I want to log progress: Log strength & conditioning. Please execute this action now. Objective: I want to record this week’s lifting and agility workouts in NXT1. Execution request: I need you to document my weekly strength training, agility drills, and any new PRs to track progress toward my pro goals.","2","0","2","{""completed"":2}"
"I want to register now: Attend a D1 prospect camp. Please execute this action now. Objective: I want to register for and attend a high-level camp to get in front of college coaches. Execution request: I need you to research and register for a D1 prospect camp near Alabama this summer. Prioritize camps hosted by SEC or ACC schools. Bring my NXT1 profile link for coaches to scan.","2","0","2","{""completed"":2}"
"I want to register now: Register for 2 elite RB camps. Please execute this action now. Objective: I want to sign up for high-visibility camps in Texas this summer. Execution request: I need you to agent X will identify and prompt you to register for 2 elite RB camps in Texas (e.g., Nike Football Training Camp, Rivals Camp Series) to maximize my off-season visibility.","2","1","1","{""completed"":1,""failed"":1}"
"I want to sync now: Sync Peaster RB profile. Please execute this action now. Objective: I want to update my height, weight, and latest training metrics on NXT1. Execution request: I need you to agent X will prompt you to input my latest height, weight, and any new 40-yard dash or bench press metrics to keep my profile sharp for recruiters.","2","1","1","{""awaiting_input"":1,""failed"":1}"
"I want to sync now: Sync QB metrics. Please execute this action now. Objective: I want to update my NXT1 football profile with current height, weight, arm-strength notes, footwork times, and conditioning results. Execution request: I need you to agent X will guide you through updating https://nxt1sports.com/profile/football/javeon-taylor/809130 with my latest QB training metrics, including throwing velocity or distance, footwork drill times, conditioning benchmarks, and any verified height/weight changes.","2","0","2","{""completed"":1,""paused"":1}"
"I want to sync now: Sync WR profile. Please execute this action now. Objective: I want to update my NXT1 football profile with my latest size, position info, contact details, and Hudl link. Execution request: I need you to agent X will guide you through updating my email, phone number, current 5'9"", 166lb measurements, WR/RB/CB athlete roles, and Hudl link on https://nxt1sports.com/profile/football/andreas-reese/60159508 so every coach visit can turn into a real conversation.","2","0","2","{""completed"":2}"
"I’m 6 foot now","2","0","2","{""completed"":2}"
"Make into highlight reel","2","0","2","{""completed"":1,""paused"":1}"
"Make me a light video to downlload","2","0","2","{""completed"":2}"
"Next","2","0","2","{""completed"":2}"
"Now generate a highlight plan based on that report","2","0","2","{""completed"":2}"
"Ok","2","0","2","{""completed"":2}"
"Phân tích ảnh này","2","2","0","{""failed"":2}"
"Player promo card use my profile image","2","1","1","{""completed"":1,""failed"":1}"
"Please handle Graphic Maker with the Brand Coordinator. Create a graphic. Give me the clearest deliverable, priorities, and next steps to act on immediately.","2","0","2","{""completed"":1,""paused"":1}"
"Please handle Performance Tracker with the Performance Coordinator. Track my performance and progress. Give me the clearest deliverable, priorities, and next steps to act on immediately.","2","0","2","{""completed"":2}"
"Please handle Recruiting Email Campaign with the Recruiting Coordinator. Send emails to coaches. Give me the clearest deliverable, priorities, and next steps to act on immediately.","2","0","2","{""completed"":2}"
"Please handle Weekly Comparison Update with the Data Coordinator and frame it as a recurring workflow for me. See progress. Give me the execution plan, timing, checkpoints, and follow-up actions I should run with.","2","1","1","{""completed"":1,""failed"":1}"
"Re-sync my connected accounts right now. Refresh these linked accounts: maxpreps, hudl, twitter. Pull in the latest public updates and update my NXT1 profile with any changed data.","2","0","2","{""completed"":2}"
"Re-sync my connected accounts right now. Refresh these linked accounts: twitter, hudl, maxpreps. Pull in the latest public updates and update my NXT1 profile with any changed data.","2","0","2","{""completed"":2}"
"Run Weekly Comparison Update for Devin Carter: scrape MaxPreps (https://www.maxpreps.com/ga/douglasville/douglas-county-tigers/athletes/devin-carter/?careerid=qgp4rg95mrv77) and Hudl (https://www.hudl.com/profile/15126815/Devin-Carter), compare against current NXT1 profile data, sync any new stats, recruiting activity, or metrics, and post a summary of what changed, what was added, and what gaps remain. Flag any new offers, camp results, or performance data.","2","0","2","{""completed"":2}"
"Send a coach introduction email to ray@nxt1sports.com from Ray Keller, Head Coach of NXT1 Football. The email should introduce Ray as the head coach of NXT1 Football in North Canton, Ohio, highlight the program's mission to get juniors and seniors recruited to college football programs, and invite the recipient to connect. Use a warm, professional coach-to-coach tone. Send via the user's connected Gmail account.","2","0","2","{""completed"":2}"
"Sync maxprep to nxt1 profile","2","0","2","{""awaiting_input"":1,""completed"":1}"
"Sync my connected accounts. Linked accounts in this job: custom::1778736536661-0. Target profile: NXT1 profile. Collect and add or update all relevant athlete fields now (bio, team context, position details, measurables, achievements, offers, and recent performance/news). Never invent or fabricate missing data. Execute the sync immediately and write the updates directly to the target profile.

Accounts to sync:
- custom::1778736536661-0: https://Hudl.com","2","2","0","{""failed"":2}"
"Sync my connected accounts. Linked accounts in this job: hudl, twitter. Target profile: NXT1 profile. Collect and add or update all relevant athlete fields now (bio, team context, position details, measurables, achievements, offers, and recent performance/news). Never invent or fabricate missing data. Execute the sync immediately and write the updates directly to the target profile.

Accounts to sync:
- hudl: https://www.hudl.com/profile/20520379/Dresden-Finch
- twitter: @DresdenFinch","2","1","1","{""completed"":1,""failed"":1}"
"Sync my connected accounts. Linked accounts in this job: instagram. Target profile: NXT1 profile. Collect and add or update all relevant athlete fields now (bio, team context, position details, measurables, achievements, offers, and recent performance/news). Never invent or fabricate missing data. Execute the sync immediately and write the updates directly to the target profile.

Accounts to sync:
- instagram: dresden_finch","2","1","1","{""completed"":1,""failed"":1}"
"Sync my connected accounts. Linked accounts in this job: maxpreps. Target profile: NXT1 profile. Collect and add or update all relevant athlete fields now (bio, team context, position details, measurables, achievements, offers, and recent performance/news). Never invent or fabricate missing data. Execute the sync immediately and write the updates directly to the target profile.

Accounts to sync:
- maxpreps: https://www.maxpreps.com/ca/inglewood/inglewood-sentinels/athletes/jason-crowe-jr/?careerid=2nk3ulhrladaa","2","0","2","{""completed"":2}"
"Sync my connected accounts. Linked accounts in this job: maxpreps. Target profile: NXT1 profile. Collect and add or update all relevant athlete fields now (bio, team context, position details, measurables, achievements, offers, and recent performance/news). Never invent or fabricate missing data. Execute the sync immediately and write the updates directly to the target profile.

Accounts to sync:
- maxpreps: https://www.maxpreps.com/ga/warner-robins/houston-county-bears/athletes/antwann-hill-jr/?careerid=jmt5fhb3ce0p9","2","0","2","{""completed"":2}"
"Sync my connected accounts. Linked accounts in this job: maxpreps. Target profile: NXT1 profile. Collect and add or update all relevant athlete fields now (bio, team context, position details, measurables, achievements, offers, and recent performance/news). Never invent or fabricate missing data. Execute the sync immediately and write the updates directly to the target profile.

Accounts to sync:
- maxpreps: https://www.maxpreps.com/ut/salt-lake-city/skyline-eagles/athletes/peyton-carter/football/stats/?careerid=pshv7qil094i2","2","0","2","{""completed"":2}"
"Sync my connected accounts. Linked accounts in this job: x, instagram. Target profile: NXT1 profile. Collect and add or update all relevant athlete fields now (bio, team context, position details, measurables, achievements, offers, and recent performance/news). Never invent or fabricate missing data. Execute the sync immediately and write the updates directly to the target profile.

Accounts to sync:
- x: https://x.com/Randyrobinson__
- instagram: Rjayywrld","2","0","2","{""completed"":2}"
"Sync my connected accounts. Linked accounts in this job: x, youtube. Target profile: NXT1 profile. Collect and add or update all relevant athlete fields now (bio, team context, position details, measurables, achievements, offers, and recent performance/news). Never invent or fabricate missing data. Execute the sync immediately and write the updates directly to the target profile.

Accounts to sync:
- x: https://x.com/BlackBrailey @2029Brailey
- youtube: https://youtube.com/@JaDarian JB Brailey 5’4” 3Star","2","2","0","{""failed"":2}"
"That’s not the right athlete","2","0","2","{""completed"":2}"
"Trim each video with first 2s and merge to one video for me","2","0","2","{""completed"":2}"
"Turn into highlight reel","2","0","2","{""completed"":2}"
"What time is ir","2","0","2","{""completed"":2}"
"Where is it","2","0","2","{""cancelled"":1,""completed"":1}"
"generate graphic","2","0","2","{""completed"":2}"
"trim this video","2","0","2","{""completed"":2}"
"yes","2","0","2","{""completed"":2}"
"📎 7 files","2","0","2","{""completed"":2}"
"""Build the 9 polished diagrams.""","1","0","1","{""completed"":1}"
"1","1","0","1","{""completed"":1}"
"130 pounds","1","0","1","{""completed"":1}"
"40 time 4’6","1","0","1","{""completed"":1}"
"42/43 are inside zone, not iso, 10/11 are Iso","1","0","1","{""completed"":1}"
"5","1","0","1","{""completed"":1}"
"Add all roster members here but not the seniors. https://www.maxpreps.com/oh/north-canton/hoover-vikings/football/25-26/roster/","1","0","1","{""completed"":1}"
"Add to my timeline","1","0","1","{""completed"":1}"
"All Al roster members besides seniors. https://www.maxpreps.com/oh/macedonia/nordonia-knights/football/25-26/roster/","1","0","1","{""completed"":1}"
"Analysis my graphic","1","0","1","{""completed"":1}"
"Analysis my video and add to my profile with description is ""My training""","1","0","1","{""completed"":1}"
"Analysis this video and add to my NTX 1 profile","1","0","1","{""completed"":1}"
"Analysys my recent game performance and create a full scounting report","1","0","1","{""completed"":1}"
"Analyze video","1","0","1","{""completed"":1}"
"Animate it","1","0","1","{""completed"":1}"
"Build and save a gameplan for the next 6 weeks getting me ready to stand out at QB camps and 7-on-7 tournaments. Include throwing schedule, footwork drills, film study targets, and what I should show evaluators on Day 1 of each camp. Recommend learning videos for each focus area.","1","0","1","{""completed"":1}"
"Build complete recruiting highlight reel for Devin Carter (WR, Douglas County, Class of 2026). Merge the cinematic intro card with the best plays trimmed from 3 Hudl reels, add name/stat overlays, generate a thumbnail, and deliver the final 90–120 second MP4. 

INTRO CARD URL (already generated, use as first clip):
https://storage.googleapis.com/nxt-1-v2.firebasestorage.app/Users/o5b3BVHDPoVdwJoTnYm95UvbwdQ2/threads/6a038788097e5bb136586951/media/1778616529526-runway-30a7d9e8-a4b8-486e-99f8-79c11e34acf3.mp4

SOURCE REELS (already staged, use these exact URLs):
Reel 1 (~5.6 MB, short): https://storage.googleapis.com/nxt-1-v2.firebasestorage.app/Users/o5b3BVHDPoVdwJoTnYm95UvbwdQ2/threads/6a038788097e5bb136586951/media/staged/video/1778616288584-32a22377b8d2b1ed-devin_carter_hudl_720p_reel1.mp4
Reel 2 (~23 MB, main): https://storage.googleapis.com/nxt-1-v2.firebasestorage.app/Users/o5b3BVHDPoVdwJoTnYm95UvbwdQ2/threads/6a038788097e5bb136586951/media/staged/video/1778616288596-fb0d174f8f61baa8-devin_carter_hudl_720p_reel2.mp4
Reel 3 (~20 MB): https://storage.googleapis.com/nxt-1-v2.firebasestorage.app/Users/o5b3BVHDPoVdwJoTnYm95UvbwdQ2/threads/6a038788097e5bb136586951/media/staged/video/1778616288693-f21c35ad94b68635-devin_carter_hudl_720p_reel3.mp4

PIPELINE:
1. ffmpeg_trim_video on top highlight windows from each reel (use full reel 1 as one clip; trim reel 2 into 4-5 best windows; trim reel 3 into 3-4 best windows — prioritize explosive route runs, contested catches, YAC, TD plays)
2. ffmpeg_merge_videos: [intro card] + [all trimmed clips in ranked order]
3. ffmpeg_add_text_overlay: ""DEVIN CARTER | WR | DOUGLAS COUNTY | CLASS OF 2026"" as lower-third at bottom, white bold text, first 5 seconds of merged reel
4. ffmpeg_add_text_overlay: ""26 REC • 431 YDS • 5 TDs | 2025 SEASON"" stat card overlay mid-reel (~30s mark), 4-second duration
5. ffmpeg_generate_thumbnail: capture best action frame at ~15s into merged reel
6. Optional: ffmpeg_compress_video if final file exceeds 200 MB
7. Deliver: finalVideoUrl, thumbnailUrl, totalDurationSeconds

ATHLETE: Devin Carter | WR | Douglas County, GA | Class of 2026 | Florida State Seminoles (enrolled)
NXT1 PROFILE: https://nxt1sports.com/profile/football/devin-carter/763304
TARGET: 90–120 seconds total, 720p, coach-ready recruiting reel
STYLE: cinematic, high-energy ESPN broadcast aesthetic, gold/black/garnet accents","1","0","1","{""completed"":1}"
"Build me a 7-day posting plan for this week aimed at getting recruited as a 2026 QB. Tell me exactly what to post each day (throwing clip, training graphic, highlight, quote, etc.), the caption with hashtags coaches actually watch, and which platforms to hit. Tie each post back to my 'Get me recruited' goal.","1","0","1","{""completed"":1}"
"Build me a personalized 7-day posting plan (one post per day) for May 2026. Mix highlight clips, training content, and a 'follow my journey' post that links to https://nxt1sports.com/profile/athlete/unknown-user/925481. For each day, give me the hook, caption, hashtags, and which tool (write_timeline_post, generate_graphic, clip_video) we'll use to build it.","1","0","1","{""completed"":1}"
"But there are more than 4 run plays","1","0","1","{""completed"":1}"
"Can I gige you my twitter and add more videos with it","1","0","1","{""completed"":1}"
"Can u add some test data to my profile please","1","0","1","{""completed"":1}"
"Can u check now","1","0","1","{""completed"":1}"
"Can u do pdf of it","1","0","1","{""completed"":1}"
"Can u get last couple videos form twitter and make video. https://x.com/ricky13fer?s=21","1","0","1","{""completed"":1}"
"Can u put those views in some charts for me","1","0","1","{""completed"":1}"
"Can y turn this into a elite highlight real","1","0","1","{""completed"":1}"
"Can you create a welcome graphic for me?","1","0","1","{""completed"":1}"
"Can you do it in 1 hour and make sure to send push","1","0","1","{""completed"":1}"
"Can you send me their Twitter","1","0","1","{""completed"":1}"
"Change this #numbers to basketball hype words and change the words behind them to their names. Make sure names are correct behind correct image. Dont change anything else","1","0","1","{""completed"":1}"
"Charlie Keller","1","0","1","{""completed"":1}"
"Coaching staff","1","0","1","{""paused"":1}"
"Create a email for all colleges for me","1","0","1","{""awaiting_input"":1}"
"Create a graphic with basketball blended with queen and graffiti for @Bluv8410 from X account using the X profile image size is 1080x1080, Say Banks Twins, say on the rise, add in class of 2029","1","0","1","{""completed"":1}"
"Create a highlight video for Jontae O Lowery from his X account @IballOd with a Marvel style super villain motion graphic intro that includes his name, position and grad class. Use his videos posted from 4/20/26, 4/14/26 and 3/16/26.","1","0","1","{""cancelled"":1}"
"Create a highlight video from X for @lwarren084 use his last posted video. Add a motion graphic intro with marvel type super villain theme. Add his profile image and info. No more than 12-15 clips","1","0","1","{""completed"":1}"
"Create a highlight video with a motion graphic intro that has a colorful female super hero theme for Jaeden Antonelli from her X account @Jaeden_2027 use the last 7 game clips she posted. On the motion graphic be sure to use her X profile image and add her name, position and graduation class","1","0","1","{""completed"":1}"
"Create a welcome graphic for a new athlete joining the platform.

## Content
- Headline: ""WELCOME""
- Athlete Name: ""ALYSSA""
- Sport/Role: ""VOLLEYBALL — LIBERO""
- Athlete Photo: https://firebasestorage.googleapis.com/v0/b/nxt-1-staging-v2.firebasestorage.app/o/Users%2F0ZJMFDY0g7dSImg83GMrdaieGPn1_1757464237233?alt=media
- Brand Colors: Derive the color palette from the athlete photo provided above.

## Rules
- Do NOT draw, generate, or invent any logos, watermarks, or corner branding.
- Be as creative as you want with the design, style, and composition.","1","0","1","{""completed"":1}"
"Create a welcome graphic for a new athlete joining the platform.

## Content
- Headline: ""WELCOME""
- Athlete Name: ""ANTHONY""
- Sport/Role: ""BASEBALL — SHORTSTOP""
- Athlete Photo: https://firebasestorage.googleapis.com/v0/b/nxt-1-staging-v2.firebasestorage.app/o/HighLightImages%2Fimage_1773018889576?alt=media
- Brand Colors: Derive the color palette from the athlete photo provided above.

## Rules
- Do NOT draw, generate, or invent any logos, watermarks, or corner branding.
- Be as creative as you want with the design, style, and composition.","1","0","1","{""completed"":1}"
"Create a welcome graphic for a new athlete joining the platform.

## Content
- Headline: ""WELCOME""
- Athlete Name: ""ANTWANN""
- Sport/Role: ""FOOTBALL — QUARTERBACK""
- Athlete Photo: blob:https://nxt1sports.com/5c7b8ab5-65e3-4b8d-8771-b07f9725b340
- Brand Colors: Derive the color palette from the athlete photo provided above.

## Rules
- Do NOT draw, generate, or invent any logos, watermarks, or corner branding.
- Be as creative as you want with the design, style, and composition.","1","0","1","{""completed"":1}"
"Create a welcome graphic for a new athlete joining the platform.

## Content
- Headline: ""WELCOME""
- Athlete Name: ""ARMOND""
- Sport/Role: ""FOOTBALL — DEFENSIVE TACKLE""
- Athlete Photo: https://storage.googleapis.com/nxt-1-v2.firebasestorage.app/Users/w3MgZGH2yYPd6yKLunH4h2S7HSG3/profile/avatar_1779404080705.jpg
- Brand Colors: Derive the color palette from the athlete photo provided above.

## Rules
- Do NOT draw, generate, or invent any logos, watermarks, or corner branding.
- Be as creative as you want with the design, style, and composition.","1","0","1","{""completed"":1}"
"Create a welcome graphic for a new athlete joining the platform.

## Content
- Headline: ""WELCOME""
- Athlete Name: ""BACON""
- Sport/Role: ""SOCCER — GOAL KEEPER""
- Athlete Photo: https://storage.googleapis.com/nxt-1-v2.firebasestorage.app/Users/VzJ8Xd2hRSfiRH20f0IfP2HuhI23/profile/avatar_1780205747142.jpg
- Brand Colors: Derive the color palette from the athlete photo provided above.

## Rules
- Do NOT draw, generate, or invent any logos, watermarks, or corner branding.
- Be as creative as you want with the design, style, and composition.","1","0","1","{""completed"":1}"
"Create a welcome graphic for a new athlete joining the platform.

## Content
- Headline: ""WELCOME""
- Athlete Name: ""BELLA""
- Sport/Role: ""TRACK & FIELD WOMENS — JUMPER""
- Athlete Photo: https://storage.googleapis.com/nxt-1-v2.firebasestorage.app/Users/XCAlFqDoY9efUbsVW3ydMvJOuEx2/profile/avatar_1779111188386.jpg
- Brand Colors: Derive the color palette from the athlete photo provided above.

## Rules
- Do NOT draw, generate, or invent any logos, watermarks, or corner branding.
- Be as creative as you want with the design, style, and composition.","1","0","1","{""completed"":1}"
"Create a welcome graphic for a new athlete joining the platform.

## Content
- Headline: ""WELCOME""
- Athlete Name: ""BRAYLEN""
- Sport/Role: ""FOOTBALL — LINEBACKER""
- Athlete Photo: https://storage.googleapis.com/nxt-1-v2.firebasestorage.app/Users/oVIIt28NKAfuihHXZQpGW0yNYfI3/profile/avatar_1779667826975.jpg
- Brand Colors: Derive the color palette from the athlete photo provided above.

## Rules
- Do NOT draw, generate, or invent any logos, watermarks, or corner branding.
- Be as creative as you want with the design, style, and composition.","1","0","1","{""completed"":1}"
"Create a welcome graphic for a new athlete joining the platform.

## Content
- Headline: ""WELCOME""
- Athlete Name: ""CHRISTIAN""
- Sport/Role: ""FOOTBALL — RUNNING BACK""
- Athlete Photo: https://storage.googleapis.com/nxt-1-staging-v2.firebasestorage.app/Users/q8cMKcsarYcvCiSF54eFEO4iZY82/profile/avatar_1779087203916.jpg
- Brand Colors: Derive the color palette from the athlete photo provided above.

## Rules
- Do NOT draw, generate, or invent any logos, watermarks, or corner branding.
- Be as creative as you want with the design, style, and composition.","1","0","1","{""completed"":1}"
"Create a welcome graphic for a new athlete joining the platform.

## Content
- Headline: ""WELCOME""
- Athlete Name: ""COLE""
- Sport/Role: ""FOOTBALL — QUARTERBACK""
- Athlete Photo: https://firebasestorage.googleapis.com/v0/b/nxt-1-staging-v2.firebasestorage.app/o/HighLightImages%2Fimage_1762491231874?alt=media
- Brand Colors: Derive the color palette from the athlete photo provided above.

## Rules
- Do NOT draw, generate, or invent any logos, watermarks, or corner branding.
- Be as creative as you want with the design, style, and composition.","1","0","1","{""completed"":1}"
"Create a welcome graphic for a new athlete joining the platform.

## Content
- Headline: ""WELCOME""
- Athlete Name: ""CORBIN""
- Sport/Role: ""FOOTBALL — DEFENSIVE LINE""
- Athlete Photo: https://firebasestorage.googleapis.com/v0/b/nxt-1-staging-v2.firebasestorage.app/o/HighLightImages%2Fimage_1748970326187?alt=media
- Brand Colors: Derive the color palette from the athlete photo provided above.

## Rules
- Do NOT draw, generate, or invent any logos, watermarks, or corner branding.
- Be as creative as you want with the design, style, and composition.","1","0","1","{""completed"":1}"
"Create a welcome graphic for a new athlete joining the platform.

## Content
- Headline: ""WELCOME""
- Athlete Name: ""DAMAURI""
- Sport/Role: ""FOOTBALL — DEFENSIVE TACKLE""
- Athlete Photo: https://firebasestorage.googleapis.com/v0/b/nxt-1-staging-v2.firebasestorage.app/o/HighLightImages%2Fimage_1765658873346?alt=media
- Brand Colors: Derive the color palette from the athlete photo provided above.

## Rules
- Do NOT draw, generate, or invent any logos, watermarks, or corner branding.
- Be as creative as you want with the design, style, and composition.","1","0","1","{""completed"":1}"
"Create a welcome graphic for a new athlete joining the platform.

## Content
- Headline: ""WELCOME""
- Athlete Name: ""DASH""
- Sport/Role: ""FOOTBALL — FREE SAFETY""
- Athlete Photo: https://firebasestorage.googleapis.com/v0/b/nxt-1-staging-v2.firebasestorage.app/o/Users%2FO5dLUzTzWbSkzzYLQvYMJR0hvhn1_1745369641280?alt=media
- Brand Colors: Derive the color palette from the athlete photo provided above.

## Rules
- Do NOT draw, generate, or invent any logos, watermarks, or corner branding.
- Be as creative as you want with the design, style, and composition.","1","0","1","{""completed"":1}"
"Create a welcome graphic for a new athlete joining the platform.

## Content
- Headline: ""WELCOME""
- Athlete Name: ""DEVIN""
- Sport/Role: ""FOOTBALL — WIDE RECEIVER""
- Athlete Photo: https://storage.googleapis.com/nxt-1-v2.firebasestorage.app/Users/o5b3BVHDPoVdwJoTnYm95UvbwdQ2/profile/avatar_1778614888160.jpg
- Brand Colors: Derive the color palette from the athlete photo provided above.

## Rules
- Do NOT draw, generate, or invent any logos, watermarks, or corner branding.
- Be as creative as you want with the design, style, and composition.","1","0","1","{""completed"":1}"
"Create a welcome graphic for a new athlete joining the platform.

## Content
- Headline: ""WELCOME""
- Athlete Name: ""DJ""
- Sport/Role: ""BASKETBALL MENS — POWER FORWARD""
- Athlete Photo: https://firebasestorage.googleapis.com/v0/b/nxt-1-staging-v2.firebasestorage.app/o/HighLightImages%2Fimage_1769087598972?alt=media
- Brand Colors: Derive the color palette from the athlete photo provided above.

## Rules
- Do NOT draw, generate, or invent any logos, watermarks, or corner branding.
- Be as creative as you want with the design, style, and composition.","1","0","1","{""completed"":1}"
"Create a welcome graphic for a new athlete joining the platform.

## Content
- Headline: ""WELCOME""
- Athlete Name: ""ELIJAH""
- Sport/Role: ""BASKETBALL MENS — POINT GUARD""
- Athlete Photo: https://firebasestorage.googleapis.com/v0/b/nxt-1-staging-v2.firebasestorage.app/o/Users%2F4c334t39TUaK4bPKLXukN5FdxSb2?alt=media&time=1737387973175
- Brand Colors: Derive the color palette from the athlete photo provided above.

## Rules
- Do NOT draw, generate, or invent any logos, watermarks, or corner branding.
- Be as creative as you want with the design, style, and composition.","1","0","1","{""completed"":1}"
"Create a welcome graphic for a new athlete joining the platform.

## Content
- Headline: ""WELCOME""
- Athlete Name: ""EVAN""
- Sport/Role: ""BASEBALL — OUTFIELDER""
- Athlete Photo: https://firebasestorage.googleapis.com/v0/b/nxt-1-staging-v2.firebasestorage.app/o/Users%2FCGYcybG6WqRyKb9cYlhezp1227H2?alt=media&time=1738858951633
- Brand Colors: Derive the color palette from the athlete photo provided above.

## Rules
- Do NOT draw, generate, or invent any logos, watermarks, or corner branding.
- Be as creative as you want with the design, style, and composition.","1","0","1","{""completed"":1}"
"Create a welcome graphic for a new athlete joining the platform.

## Content
- Headline: ""WELCOME""
- Athlete Name: ""EZEKIEL""
- Sport/Role: ""FOOTBALL — QUARTERBACK""
- Athlete Photo: https://storage.googleapis.com/nxt-1-v2.firebasestorage.app/Users/Qdp6iAjgIvW3QWE3w6Ku8Q6bvXt2/profile/avatar_1778962220963.jpg
- Brand Colors: Derive the color palette from the athlete photo provided above.

## Rules
- Do NOT draw, generate, or invent any logos, watermarks, or corner branding.
- Be as creative as you want with the design, style, and composition.","1","0","1","{""completed"":1}"
"Create a welcome graphic for a new athlete joining the platform.

## Content
- Headline: ""WELCOME""
- Athlete Name: ""HUY""
- Sport/Role: ""FOOTBALL — QUARTERBACK""
- Athlete Photo: https://storage.googleapis.com/nxt-1-v2.firebasestorage.app/Users/fvAz9yjmKHQjLqFOvUMRRo5cviA2/profile/avatar_1779345594035.jpg
- Brand Colors: Derive the color palette from the athlete photo provided above.

## Rules
- Do NOT draw, generate, or invent any logos, watermarks, or corner branding.
- Be as creative as you want with the design, style, and composition.","1","0","1","{""completed"":1}"
"Create a welcome graphic for a new athlete joining the platform.

## Content
- Headline: ""WELCOME""
- Athlete Name: ""HUY""
- Sport/Role: ""FOOTBALL — RUNNING BACK""
- Athlete Photo: blob:capacitor://localhost/70f642ab-80c3-415c-b6e6-f559b65f3fc2
- Brand Colors: Derive the color palette from the athlete photo provided above.

## Rules
- Do NOT draw, generate, or invent any logos, watermarks, or corner branding.
- Be as creative as you want with the design, style, and composition.","1","0","1","{""completed"":1}"
"Create a welcome graphic for a new athlete joining the platform.

## Content
- Headline: ""WELCOME""
- Athlete Name: ""IC3D""
- Sport/Role: ""BASKETBALL MENS — SHOOTING GUARD""
- Athlete Photo: https://storage.googleapis.com/nxt-1-v2.firebasestorage.app/Users/dJlIz1oqo2QzwFDE9wzirAiUeFs1/profile/1778991937661_f61b23c2bf6f566b.jpg
- Brand Colors: Derive the color palette from the athlete photo provided above.

## Rules
- Do NOT draw, generate, or invent any logos, watermarks, or corner branding.
- Be as creative as you want with the design, style, and composition.","1","0","1","{""completed"":1}"
"Create a welcome graphic for a new athlete joining the platform.

## Content
- Headline: ""WELCOME""
- Athlete Name: ""ISAIAH""
- Sport/Role: ""BASKETBALL MENS — POINT GUARD""
- Athlete Photo: https://firebasestorage.googleapis.com/v0/b/nxt-1-staging-v2.firebasestorage.app/o/HighLightImages%2Fimage_1752529105738?alt=media
- Brand Colors: Derive the color palette from the athlete photo provided above.

## Rules
- Do NOT draw, generate, or invent any logos, watermarks, or corner branding.
- Be as creative as you want with the design, style, and composition.","1","0","1","{""completed"":1}"
"Create a welcome graphic for a new athlete joining the platform.

## Content
- Headline: ""WELCOME""
- Athlete Name: ""IZAYAH""
- Sport/Role: ""FOOTBALL — LINEBACKER""
- Athlete Photo: https://storage.googleapis.com/nxt-1-v2.firebasestorage.app/Users/ESGT0sxbTMUDJRqZtnalG2Au6a93/profile/avatar_1779286646144.jpg
- Brand Colors: Derive the color palette from the athlete photo provided above.

## Rules
- Do NOT draw, generate, or invent any logos, watermarks, or corner branding.
- Be as creative as you want with the design, style, and composition.","1","0","1","{""completed"":1}"
"Create a welcome graphic for a new athlete joining the platform.

## Content
- Headline: ""WELCOME""
- Athlete Name: ""JACOB""
- Sport/Role: ""FOOTBALL — LINEBACKER""
- Athlete Photo: https://storage.googleapis.com/nxt-1-v2.firebasestorage.app/Users/dzVLci4TJxfwPl6z84ZdribZ1Y22/profile/avatar_1779116532697.jpg
- Brand Colors: Derive the color palette from the athlete photo provided above.

## Rules
- Do NOT draw, generate, or invent any logos, watermarks, or corner branding.
- Be as creative as you want with the design, style, and composition.","1","0","1","{""completed"":1}"
"Create a welcome graphic for a new athlete joining the platform.

## Content
- Headline: ""WELCOME""
- Athlete Name: ""JACOB""
- Sport/Role: ""FOOTBALL — WIDE RECEIVER""
- Athlete Photo: https://firebasestorage.googleapis.com/v0/b/nxt-1-staging-v2.firebasestorage.app/o/Users%2FgLiqjnKojKXTA0nkJtZxzXlS27G3_1771624272945?alt=media
- Brand Colors: Derive the color palette from the athlete photo provided above.

## Rules
- Do NOT draw, generate, or invent any logos, watermarks, or corner branding.
- Be as creative as you want with the design, style, and composition.","1","0","1","{""completed"":1}"
"Create a welcome graphic for a new athlete joining the platform.

## Content
- Headline: ""WELCOME""
- Athlete Name: ""JADRIAN""
- Sport/Role: ""FOOTBALL — DEFENSIVE LINE""
- Athlete Photo: https://firebasestorage.googleapis.com/v0/b/nxt-1-staging-v2.firebasestorage.app/o/Users%2Fcr7RBoMvsPSBwhBHXwLlj7c8GhK2?alt=media
- Brand Colors: Derive the color palette from the athlete photo provided above.

## Rules
- Do NOT draw, generate, or invent any logos, watermarks, or corner branding.
- Be as creative as you want with the design, style, and composition.","1","1","0","{""failed"":1}"
"Create a welcome graphic for a new athlete joining the platform.

## Content
- Headline: ""WELCOME""
- Athlete Name: ""JAHDEN""
- Sport/Role: ""FOOTBALL — RUNNING BACK""
- Athlete Photo: https://firebasestorage.googleapis.com/v0/b/nxt-1-staging-v2.firebasestorage.app/o/Users%2FPz3k8zmktDcssmYmNeD2GrhAFXG3?alt=media
- Brand Colors: Derive the color palette from the athlete photo provided above.

## Rules
- Do NOT draw, generate, or invent any logos, watermarks, or corner branding.
- Be as creative as you want with the design, style, and composition.","1","0","1","{""completed"":1}"
"Create a welcome graphic for a new athlete joining the platform.

## Content
- Headline: ""WELCOME""
- Athlete Name: ""JALEEL""
- Sport/Role: ""BASKETBALL MENS — POINT GUARD""
- Athlete Photo: https://storage.googleapis.com/nxt-1-staging-v2.firebasestorage.app/Users/DR83f603pvedpIxCNxA3lVh72kI3/profile/avatar_1779211464722.jpg
- Brand Colors: Derive the color palette from the athlete photo provided above.

## Rules
- Do NOT draw, generate, or invent any logos, watermarks, or corner branding.
- Be as creative as you want with the design, style, and composition.","1","0","1","{""completed"":1}"
"Create a welcome graphic for a new athlete joining the platform.

## Content
- Headline: ""WELCOME""
- Athlete Name: ""JAMAL""
- Sport/Role: ""FOOTBALL — WIDE RECEIVER""
- Athlete Photo: https://firebasestorage.googleapis.com/v0/b/nxt-1-staging-v2.firebasestorage.app/o/Users%2F0pBfsWkZDxbnXDmEVtcBj9eZAmo2_1767830893887?alt=media
- Brand Colors: Derive the color palette from the athlete photo provided above.

## Rules
- Do NOT draw, generate, or invent any logos, watermarks, or corner branding.
- Be as creative as you want with the design, style, and composition.","1","0","1","{""completed"":1}"
"Create a welcome graphic for a new athlete joining the platform.

## Content
- Headline: ""WELCOME""
- Athlete Name: ""JAYLIN""
- Sport/Role: ""FOOTBALL""
- Athlete Photo: https://firebasestorage.googleapis.com/v0/b/nxt-1-staging-v2.firebasestorage.app/o/HighLightImages%2Fimage_1764535600530?alt=media
- Brand Colors: Derive the color palette from the athlete photo provided above.

## Rules
- Do NOT draw, generate, or invent any logos, watermarks, or corner branding.
- Be as creative as you want with the design, style, and composition.","1","0","1","{""completed"":1}"
"Create a welcome graphic for a new athlete joining the platform.

## Content
- Headline: ""WELCOME""
- Athlete Name: ""JERQALIN""
- Sport/Role: ""FOOTBALL — RUNNING BACK""
- Athlete Photo: https://firebasestorage.googleapis.com/v0/b/nxt-1-staging-v2.firebasestorage.app/o/HighLightImages%2Fimage_1760494010858?alt=media
- Brand Colors: Derive the color palette from the athlete photo provided above.

## Rules
- Do NOT draw, generate, or invent any logos, watermarks, or corner branding.
- Be as creative as you want with the design, style, and composition.","1","0","1","{""completed"":1}"
"Create a welcome graphic for a new athlete joining the platform.

## Content
- Headline: ""WELCOME""
- Athlete Name: ""JJ""
- Sport/Role: ""BASEBALL — OUTFIELDER""
- Athlete Photo: https://firebasestorage.googleapis.com/v0/b/nxt-1-staging-v2.firebasestorage.app/o/Users%2Fj5CyRctmHlUBFpO18XIB0CDjU3q2?alt=media&time=1730934463108
- Brand Colors: Derive the color palette from the athlete photo provided above.

## Rules
- Do NOT draw, generate, or invent any logos, watermarks, or corner branding.
- Be as creative as you want with the design, style, and composition.","1","0","1","{""completed"":1}"
"Create a welcome graphic for a new athlete joining the platform.

## Content
- Headline: ""WELCOME""
- Athlete Name: ""JOHN""
- Sport/Role: ""FOOTBALL — QUARTERBACK""
- Athlete Photo: https://storage.googleapis.com/nxt-1-v2.firebasestorage.app/Users/7bY7Eu1cBPh2wLuGKqz9OkkIBZR2/profile/avatar_1779120823023.jpg
- Brand Colors: Derive the color palette from the athlete photo provided above.

## Rules
- Do NOT draw, generate, or invent any logos, watermarks, or corner branding.
- Be as creative as you want with the design, style, and composition.","1","0","1","{""completed"":1}"
"Create a welcome graphic for a new athlete joining the platform.

## Content
- Headline: ""WELCOME""
- Athlete Name: ""JOHNNIE""
- Sport/Role: ""FOOTBALL""
- Athlete Photo: https://firebasestorage.googleapis.com/v0/b/nxt-1-staging-v2.firebasestorage.app/o/Users%2Fkj4ldoWddzeLvIgFXlMB65RkhNU2?alt=media
- Brand Colors: Derive the color palette from the athlete photo provided above.

## Rules
- Do NOT draw, generate, or invent any logos, watermarks, or corner branding.
- Be as creative as you want with the design, style, and composition.","1","0","1","{""completed"":1}"
"Create a welcome graphic for a new athlete joining the platform.

## Content
- Headline: ""WELCOME""
- Athlete Name: ""KADE""
- Sport/Role: ""BASKETBALL — SHOOTING GUARD""
- Athlete Photo: https://firebasestorage.googleapis.com/v0/b/nxt-1-staging-v2.firebasestorage.app/o/HighLightImages%2Fimage_1772748690692?alt=media
- Brand Colors: Derive the color palette from the athlete photo provided above.

## Rules
- Do NOT draw, generate, or invent any logos, watermarks, or corner branding.
- Be as creative as you want with the design, style, and composition.","1","0","1","{""completed"":1}"
"Create a welcome graphic for a new athlete joining the platform.

## Content
- Headline: ""WELCOME""
- Athlete Name: ""KAHARRI""
- Sport/Role: ""BASKETBALL MENS — POINT GUARD""
- Athlete Photo: https://storage.googleapis.com/nxt-1-staging-v2.firebasestorage.app/Users/D25malikNYd3fjDs87JEEh8kGlo1/profile/avatar_1779305373863.jpg
- Brand Colors: Derive the color palette from the athlete photo provided above.

## Rules
- Do NOT draw, generate, or invent any logos, watermarks, or corner branding.
- Be as creative as you want with the design, style, and composition.","1","0","1","{""completed"":1}"
"Create a welcome graphic for a new athlete joining the platform.

## Content
- Headline: ""WELCOME""
- Athlete Name: ""KAHARRI""
- Sport/Role: ""BASKETBALL MENS — POINT GUARD""
- Athlete Photo: https://storage.googleapis.com/nxt-1-staging-v2.firebasestorage.app/Users/GudqRoM0TmPmAfB1c0BsorONWYW2/profile/avatar_1779304419264.jpg
- Brand Colors: Derive the color palette from the athlete photo provided above.

## Rules
- Do NOT draw, generate, or invent any logos, watermarks, or corner branding.
- Be as creative as you want with the design, style, and composition.","1","0","1","{""completed"":1}"
"Create a welcome graphic for a new athlete joining the platform.

## Content
- Headline: ""WELCOME""
- Athlete Name: ""KAHARRI""
- Sport/Role: ""BASKETBALL MENS — POINT GUARD""
- Athlete Photo: https://storage.googleapis.com/nxt-1-staging-v2.firebasestorage.app/Users/T4jXcSaKvmY4kOUrP0ktJ6BDoeI3/profile/avatar_1779306449912.jpg
- Brand Colors: Derive the color palette from the athlete photo provided above.

## Rules
- Do NOT draw, generate, or invent any logos, watermarks, or corner branding.
- Be as creative as you want with the design, style, and composition.","1","0","1","{""completed"":1}"
"Create a welcome graphic for a new athlete joining the platform.

## Content
- Headline: ""WELCOME""
- Athlete Name: ""KAHARRI""
- Sport/Role: ""BASKETBALL MENS — POINT GUARD""
- Athlete Photo: https://storage.googleapis.com/nxt-1-staging-v2.firebasestorage.app/Users/ZPDuULf4b7WvR1fEtpKDyGl10cL2/profile/avatar_1779303156695.jpg
- Brand Colors: Derive the color palette from the athlete photo provided above.

## Rules
- Do NOT draw, generate, or invent any logos, watermarks, or corner branding.
- Be as creative as you want with the design, style, and composition.","1","0","1","{""completed"":1}"
"Create a welcome graphic for a new athlete joining the platform.

## Content
- Headline: ""WELCOME""
- Athlete Name: ""KAIDEN""
- Sport/Role: ""BASKETBALL MENS — POINT GUARD""
- Athlete Photo: https://storage.googleapis.com/nxt-1-staging-v2.firebasestorage.app/Users/sHFwMb72EfX9vOXHiy0rWEKXpW73/profile/avatar_1779205240061.jpg
- Brand Colors: Derive the color palette from the athlete photo provided above.

## Rules
- Do NOT draw, generate, or invent any logos, watermarks, or corner branding.
- Be as creative as you want with the design, style, and composition.","1","0","1","{""completed"":1}"
"Create a welcome graphic for a new athlete joining the platform.

## Content
- Headline: ""WELCOME""
- Athlete Name: ""KEWON""
- Sport/Role: ""FOOTBALL — CORNERBACK""
- Athlete Photo: https://storage.googleapis.com/nxt-1-v2.firebasestorage.app/Users/vhdrDefnmkaKxEujvkZCWdoUSA53/profile/avatar_1779486534033.jpg
- Brand Colors: Derive the color palette from the athlete photo provided above.

## Rules
- Do NOT draw, generate, or invent any logos, watermarks, or corner branding.
- Be as creative as you want with the design, style, and composition.","1","0","1","{""completed"":1}"
"Create a welcome graphic for a new athlete joining the platform.

## Content
- Headline: ""WELCOME""
- Athlete Name: ""KOLBY""
- Sport/Role: ""FOOTBALL — RUNNING BACK""
- Athlete Photo: https://storage.googleapis.com/nxt-1-v2.firebasestorage.app/Users/OzmiI4chTyce8rfE2DJoC6hvux92/profile/avatar_1779686431739.jpg
- Brand Colors: Derive the color palette from the athlete photo provided above.

## Rules
- Do NOT draw, generate, or invent any logos, watermarks, or corner branding.
- Be as creative as you want with the design, style, and composition.","1","0","1","{""completed"":1}"
"Create a welcome graphic for a new athlete joining the platform.

## Content
- Headline: ""WELCOME""
- Athlete Name: ""KYLE""
- Sport/Role: ""FOOTBALL — CENTER""
- Athlete Photo: https://storage.googleapis.com/nxt-1-v2.firebasestorage.app/Users/LOJRnW0omfRafayS03zZltv6Tt22/profile/avatar_1778950823905.jpg
- Brand Colors: Derive the color palette from the athlete photo provided above.

## Rules
- Do NOT draw, generate, or invent any logos, watermarks, or corner branding.
- Be as creative as you want with the design, style, and composition.","1","0","1","{""completed"":1}"
"Create a welcome graphic for a new athlete joining the platform.

## Content
- Headline: ""WELCOME""
- Athlete Name: ""KYLER""
- Sport/Role: ""SWIMMING & DIVING — SWIMMER""
- Athlete Photo: https://storage.googleapis.com/nxt-1-v2.firebasestorage.app/Users/fCkyxvuplfVDnIu6JlQWANSkQfE3/profile/avatar_1779766051691.jpg
- Brand Colors: Derive the color palette from the athlete photo provided above.

## Rules
- Do NOT draw, generate, or invent any logos, watermarks, or corner branding.
- Be as creative as you want with the design, style, and composition.","1","0","1","{""completed"":1}"
"Create a welcome graphic for a new athlete joining the platform.

## Content
- Headline: ""WELCOME""
- Athlete Name: ""LAMAR""
- Sport/Role: ""FOOTBALL — RUNNING BACK""
- Athlete Photo: https://firebasestorage.googleapis.com/v0/b/nxt-1-staging-v2.firebasestorage.app/o/Users%2FJRyH7xe35hhftEikPyAERy2wIOp2_1743861374839?alt=media
- Brand Colors: Derive the color palette from the athlete photo provided above.

## Rules
- Do NOT draw, generate, or invent any logos, watermarks, or corner branding.
- Be as creative as you want with the design, style, and composition.","1","0","1","{""completed"":1}"
"Create a welcome graphic for a new athlete joining the platform.

## Content
- Headline: ""WELCOME""
- Athlete Name: ""LOGAN""
- Sport/Role: ""FOOTBALL — QUARTERBACK""
- Athlete Photo: https://firebasestorage.googleapis.com/v0/b/nxt-1-staging-v2.firebasestorage.app/o/Users%2FkQKSDptl6Nfv9KUrSpVKKeRikdS2_1750610332678?alt=media
- Brand Colors: Derive the color palette from the athlete photo provided above.

## Rules
- Do NOT draw, generate, or invent any logos, watermarks, or corner branding.
- Be as creative as you want with the design, style, and composition.","1","0","1","{""completed"":1}"
"Create a welcome graphic for a new athlete joining the platform.

## Content
- Headline: ""WELCOME""
- Athlete Name: ""LUIZ""
- Sport/Role: ""FOOTBALL — DEFENSIVE END""
- Athlete Photo: https://firebasestorage.googleapis.com/v0/b/nxt-1-staging-v2.firebasestorage.app/o/HighLightImages%2Fimage_1750288323846?alt=media
- Brand Colors: Derive the color palette from the athlete photo provided above.

## Rules
- Do NOT draw, generate, or invent any logos, watermarks, or corner branding.
- Be as creative as you want with the design, style, and composition.","1","0","1","{""completed"":1}"
"Create a welcome graphic for a new athlete joining the platform.

## Content
- Headline: ""WELCOME""
- Athlete Name: ""LUKE""
- Sport/Role: ""FOOTBALL — OUTSIDE LINEBACKER""
- Athlete Photo: https://firebasestorage.googleapis.com/v0/b/nxt-1-staging-v2.firebasestorage.app/o/HighLightImages%2Fimage_1771413499360?alt=media
- Brand Colors: Derive the color palette from the athlete photo provided above.

## Rules
- Do NOT draw, generate, or invent any logos, watermarks, or corner branding.
- Be as creative as you want with the design, style, and composition.","1","0","1","{""completed"":1}"
"Create a welcome graphic for a new athlete joining the platform.

## Content
- Headline: ""WELCOME""
- Athlete Name: ""MALACHI""
- Sport/Role: ""FOOTBALL — WIDE RECEIVER""
- Athlete Photo: https://firebasestorage.googleapis.com/v0/b/nxt-1-staging-v2.firebasestorage.app/o/HighLightImages%2Fimage_1771025226948?alt=media
- Brand Colors: Derive the color palette from the athlete photo provided above.

## Rules
- Do NOT draw, generate, or invent any logos, watermarks, or corner branding.
- Be as creative as you want with the design, style, and composition.","1","0","1","{""completed"":1}"
"Create a welcome graphic for a new athlete joining the platform.

## Content
- Headline: ""WELCOME""
- Athlete Name: ""MARIA""
- Sport/Role: ""FOOTBALL — QUARTERBACK""
- Athlete Photo: https://storage.googleapis.com/nxt-1-v2.firebasestorage.app/Users/WnWTXsvCxSXUYBgLoJy2sIUr3Vc2/profile/avatar_1779150982877.jpg
- Brand Colors: Derive the color palette from the athlete photo provided above.

## Rules
- Do NOT draw, generate, or invent any logos, watermarks, or corner branding.
- Be as creative as you want with the design, style, and composition.","1","0","1","{""completed"":1}"
"Create a welcome graphic for a new athlete joining the platform.

## Content
- Headline: ""WELCOME""
- Athlete Name: ""MASON""
- Sport/Role: ""BASEBALL — OUTFIELDER""
- Athlete Photo: https://firebasestorage.googleapis.com/v0/b/nxt-1-staging-v2.firebasestorage.app/o/HighLightImages%2Fimage_1763946821997?alt=media
- Brand Colors: Derive the color palette from the athlete photo provided above.

## Rules
- Do NOT draw, generate, or invent any logos, watermarks, or corner branding.
- Be as creative as you want with the design, style, and composition.","1","0","1","{""completed"":1}"
"Create a welcome graphic for a new athlete joining the platform.

## Content
- Headline: ""WELCOME""
- Athlete Name: ""NICHOLAS""
- Sport/Role: ""BASEBALL — OUTFIELDER""
- Athlete Photo: https://firebasestorage.googleapis.com/v0/b/nxt-1-staging-v2.firebasestorage.app/o/Users%2FZFNAWNp37Pd3CXmDDFqBaYOgs8Q2?alt=media&time=1730942475310
- Brand Colors: Derive the color palette from the athlete photo provided above.

## Rules
- Do NOT draw, generate, or invent any logos, watermarks, or corner branding.
- Be as creative as you want with the design, style, and composition.","1","0","1","{""completed"":1}"
"Create a welcome graphic for a new athlete joining the platform.

## Content
- Headline: ""WELCOME""
- Athlete Name: ""NIJAUN""
- Sport/Role: ""BASKETBALL MENS — POINT GUARD""
- Athlete Photo: https://storage.googleapis.com/nxt-1-staging-v2.firebasestorage.app/Users/Ouzc4U5IuqhhhigDGg0iAfomA9j2/profile/avatar_1779224012662.jpg
- Brand Colors: Derive the color palette from the athlete photo provided above.

## Rules
- Do NOT draw, generate, or invent any logos, watermarks, or corner branding.
- Be as creative as you want with the design, style, and composition.","1","0","1","{""completed"":1}"
"Create a welcome graphic for a new athlete joining the platform.

## Content
- Headline: ""WELCOME""
- Athlete Name: ""NIJAUN""
- Sport/Role: ""BASKETBALL MENS — POINT GUARD""
- Athlete Photo: https://storage.googleapis.com/nxt-1-staging-v2.firebasestorage.app/Users/QvYJLyXZmXXaHuApLfIOvl5jGM13/profile/avatar_1779218871046.jpg
- Brand Colors: Derive the color palette from the athlete photo provided above.

## Rules
- Do NOT draw, generate, or invent any logos, watermarks, or corner branding.
- Be as creative as you want with the design, style, and composition.","1","0","1","{""completed"":1}"
"Create a welcome graphic for a new athlete joining the platform.

## Content
- Headline: ""WELCOME""
- Athlete Name: ""NIJAUN""
- Sport/Role: ""BASKETBALL MENS — POINT GUARD""
- Athlete Photo: https://storage.googleapis.com/nxt-1-staging-v2.firebasestorage.app/Users/i1b7oQmWmKdTXNDGY6WDGlMpvmT2/profile/avatar_1779222917432.jpg
- Brand Colors: Derive the color palette from the athlete photo provided above.

## Rules
- Do NOT draw, generate, or invent any logos, watermarks, or corner branding.
- Be as creative as you want with the design, style, and composition.","1","0","1","{""completed"":1}"
"Create a welcome graphic for a new athlete joining the platform.

## Content
- Headline: ""WELCOME""
- Athlete Name: ""NIJAUN""
- Sport/Role: ""BASKETBALL MENS — POINT GUARD""
- Athlete Photo: https://storage.googleapis.com/nxt-1-staging-v2.firebasestorage.app/Users/wihwKieaoXO15sHg4kFxyQuGS8l2/profile/avatar_1779216805592.jpg
- Brand Colors: Derive the color palette from the athlete photo provided above.

## Rules
- Do NOT draw, generate, or invent any logos, watermarks, or corner branding.
- Be as creative as you want with the design, style, and composition.","1","0","1","{""completed"":1}"
"Create a welcome graphic for a new athlete joining the platform.

## Content
- Headline: ""WELCOME""
- Athlete Name: ""NOAH""
- Sport/Role: ""FOOTBALL — RUNNING BACK""
- Athlete Photo: https://storage.googleapis.com/nxt-1-v2.firebasestorage.app/Users/VBsptUMwFYcjzBsRybK3ert8dRL2/profile/avatar_1779557778451.jpg
- Brand Colors: Derive the color palette from the athlete photo provided above.

## Rules
- Do NOT draw, generate, or invent any logos, watermarks, or corner branding.
- Be as creative as you want with the design, style, and composition.","1","0","1","{""completed"":1}"
"Create a welcome graphic for a new athlete joining the platform.

## Content
- Headline: ""WELCOME""
- Athlete Name: ""PEYTON""
- Sport/Role: ""FOOTBALL — QUARTERBACK""
- Athlete Photo: https://storage.googleapis.com/nxt-1-v2.firebasestorage.app/Users/cm0R0rn1RMatZvhufEnXrCvlZFQ2/profile/avatar_1779123183435.jpg
- Brand Colors: Derive the color palette from the athlete photo provided above.

## Rules
- Do NOT draw, generate, or invent any logos, watermarks, or corner branding.
- Be as creative as you want with the design, style, and composition.","1","0","1","{""completed"":1}"
"Create a welcome graphic for a new athlete joining the platform.

## Content
- Headline: ""WELCOME""
- Athlete Name: ""RANDY""
- Sport/Role: ""BASKETBALL MENS — SMALL FORWARD""
- Athlete Photo: https://firebasestorage.googleapis.com/v0/b/nxt-1-staging-v2.firebasestorage.app/o/HighLightImages%2Fimage_1751553169041?alt=media
- Brand Colors: Derive the color palette from the athlete photo provided above.

## Rules
- Do NOT draw, generate, or invent any logos, watermarks, or corner branding.
- Be as creative as you want with the design, style, and composition.","1","0","1","{""completed"":1}"
"Create a welcome graphic for a new athlete joining the platform.

## Content
- Headline: ""WELCOME""
- Athlete Name: ""RICKY""
- Sport/Role: ""BASEBALL — INFIELDER""
- Athlete Photo: https://firebasestorage.googleapis.com/v0/b/nxt-1-staging-v2.firebasestorage.app/o/HighLightImages%2Fimage_1766112882319?alt=media
- Brand Colors: Derive the color palette from the athlete photo provided above.

## Rules
- Do NOT draw, generate, or invent any logos, watermarks, or corner branding.
- Be as creative as you want with the design, style, and composition.","1","0","1","{""completed"":1}"
"Create a welcome graphic for a new athlete joining the platform.

## Content
- Headline: ""WELCOME""
- Athlete Name: ""SAROD""
- Sport/Role: ""FOOTBALL — ATHLETE""
- Athlete Photo: https://storage.googleapis.com/nxt-1-v2.firebasestorage.app/Users/ieqrGog93bbQnPY9NYOuzW3hsx53/profile/avatar_1778965178498.jpg
- Brand Colors: Derive the color palette from the athlete photo provided above.

## Rules
- Do NOT draw, generate, or invent any logos, watermarks, or corner branding.
- Be as creative as you want with the design, style, and composition.","1","0","1","{""completed"":1}"
"Create a welcome graphic for a new athlete joining the platform.

## Content
- Headline: ""WELCOME""
- Athlete Name: ""TEAZ""
- Sport/Role: ""FOOTBALL — DEFENSIVE LINE""
- Athlete Photo: https://storage.googleapis.com/nxt-1-v2.firebasestorage.app/Users/aJJGbIGnEDTdj5u6quMNisUMCNc2/profile/avatar_1779109128984.jpg
- Brand Colors: Derive the color palette from the athlete photo provided above.

## Rules
- Do NOT draw, generate, or invent any logos, watermarks, or corner branding.
- Be as creative as you want with the design, style, and composition.","1","0","1","{""completed"":1}"
"Create a welcome graphic for a new athlete joining the platform.

## Content
- Headline: ""WELCOME""
- Athlete Name: ""TERRELL""
- Sport/Role: ""FOOTBALL — WIDE RECEIVER""
- Athlete Photo: https://firebasestorage.googleapis.com/v0/b/nxt-1-staging-v2.firebasestorage.app/o/Users%2FbLqpfrxFqANvDTWZzT06eDcgcPz2_1763945510532?alt=media
- Brand Colors: Derive the color palette from the athlete photo provided above.

## Rules
- Do NOT draw, generate, or invent any logos, watermarks, or corner branding.
- Be as creative as you want with the design, style, and composition.","1","0","1","{""completed"":1}"
"Create a welcome graphic for a new athlete joining the platform.

## Content
- Headline: ""WELCOME""
- Athlete Name: ""TERRY""
- Sport/Role: ""FOOTBALL — QUARTERBACK""
- Athlete Photo: https://storage.googleapis.com/nxt-1-v2.firebasestorage.app/Users/uKvjmKBr9pYckVcrHhDdr1Qsr8r1/profile/avatar_1778960064787.jpg
- Brand Colors: Derive the color palette from the athlete photo provided above.

## Rules
- Do NOT draw, generate, or invent any logos, watermarks, or corner branding.
- Be as creative as you want with the design, style, and composition.","1","0","1","{""completed"":1}"
"Create a welcome graphic for a new team joining the platform.

## Content
- Headline: ""WELCOME""
- Team Name: ""AKRON EAST""
- Sport: ""FOOTBALL""
- Team Logo: https://firebasestorage.googleapis.com/v0/b/nxt-1-v2.firebasestorage.app/o/Teams%2FTeamLogos%2FMTd6GxvvLNdsyt70rGtbNrSKXzG3_1763675241866?alt=media
- Brand Colors: #8b0404, #d1d2d1

## Rules
- Do NOT draw, generate, or invent any logos, watermarks, or corner branding.
- Be as creative as you want with the design, style, and composition.","1","0","1","{""completed"":1}"
"Create a welcome graphic for a new team joining the platform.

## Content
- Headline: ""WELCOME""
- Team Name: ""BRUSH""
- Sport: ""FOOTBALL""
- Team Logo: https://firebasestorage.googleapis.com/v0/b/nxt-1-v2.firebasestorage.app/o/Teams%2FTeamLogos%2Fkj4ldoWddzeLvIgFXlMB65RkhNU2_1752540867811?alt=media
- Brand Colors: #fdc700, #ffffff

## Rules
- Do NOT draw, generate, or invent any logos, watermarks, or corner branding.
- Be as creative as you want with the design, style, and composition.","1","0","1","{""completed"":1}"
"Create a welcome graphic for a new team joining the platform.

## Content
- Headline: ""WELCOME""
- Team Name: ""BUCHTEL HIGH SCHOOL""
- Sport: ""FOOTBALL""
- Team Logo: https://firebasestorage.googleapis.com/v0/b/nxt-1-v2.firebasestorage.app/o/Teams%2FTeamLogos%2FACD4G6PTjRbf6kVysbmePVc1dyd2_1763333360394?alt=media
- Brand Colors: #000000, #ffffff

## Rules
- Do NOT draw, generate, or invent any logos, watermarks, or corner branding.
- Be as creative as you want with the design, style, and composition.","1","0","1","{""completed"":1}"
"Create a welcome graphic for a new team joining the platform.

## Content
- Headline: ""WELCOME""
- Team Name: ""GARFIELD RAMS""
- Sport: ""FOOTBALL""
- Team Logo: https://static.hudl.com/users/prod/16009851_8bc83a1612a54297831da665e8dd383b.jpg
- Brand Colors: #790622, #FFDD00

## Rules
- Do NOT draw, generate, or invent any logos, watermarks, or corner branding.
- Be as creative as you want with the design, style, and composition.","1","0","1","{""completed"":1}"
"Create a welcome graphic for a new team joining the platform.

## Content
- Headline: ""WELCOME""
- Team Name: ""KATY""
- Sport: ""FOOTBALL""
- Team Logo: https://image.maxpreps.io/school-mascot/e/b/9/eb9891a7-b1a1-4a32-b361-5e2912e8696d.gif?version=637969275600000000&width=128&height=128&auto=webp&format=pjpg
- Brand Colors: #CC0022, #8F0018

## Rules
- Do NOT draw, generate, or invent any logos, watermarks, or corner branding.
- Be as creative as you want with the design, style, and composition.","1","0","1","{""completed"":1}"
"Create a welcome graphic for a new team joining the platform.

## Content
- Headline: ""WELCOME""
- Team Name: ""NEXXT LEVEL U RECRUITING & SCOUTING SERVICE""
- Sport: ""FOOTBALL""
- Team Logo: https://firebasestorage.googleapis.com/v0/b/nxt-1-v2.firebasestorage.app/o/Teams%2FTeamLogos%2FrsSDzayUHpYUsZxnZbfBl5pLNfY2_1765053842812?alt=media
- Brand Colors: #ff6a00, #01c7fc

## Rules
- Do NOT draw, generate, or invent any logos, watermarks, or corner branding.
- Be as creative as you want with the design, style, and composition.","1","0","1","{""completed"":1}"
"Create a welcome graphic for a new team joining the platform.

## Content
- Headline: ""WELCOME""
- Team Name: ""NORDONIA""
- Sport: ""FOOTBALL""
- Team Logo: https://image.maxpreps.io/school-mascot/3/0/c/30c01c87-9895-4090-9597-27d993d0f3bb.gif?version=638210369400000000&width=128&height=128&auto=webp&format=pjpg
- Brand Colors: #00824B, #8F0018

## Rules
- Do NOT draw, generate, or invent any logos, watermarks, or corner branding.
- Be as creative as you want with the design, style, and composition.","1","0","1","{""completed"":1}"
"Create an email all colleges for me","1","0","1","{""awaiting_input"":1}"
"Create an introductory email to college coaches about me. Then when approved send to kellerr001@gmail.com, ray@nxt1sports.com and John@nxt1sports.com","1","0","1","{""completed"":1}"
"Create highlight video","1","0","1","{""completed"":1}"
"Create me a graphic","1","0","1","{""completed"":1}"
"Create me a quick image of a middle finger","1","0","1","{""completed"":1}"
"Create me an introduction email about our program and athletes to send to college coaches. Then once approved send to rkeller001@aol.com, ray@nxt1sports.com, john@nxt1sports.com, kellerr001@gmail.com, jkellerr8@gmail.com, web.developer.gz@gmail.com","1","0","1","{""completed"":1}"
"Create me highlight reel","1","0","1","{""completed"":1}"
"Create training pdf for a week","1","0","1","{""completed"":1}"
"Create welcome graphic","1","0","1","{""completed"":1}"
"D1 texas","1","0","1","{""completed"":1}"
"D3 coaches","1","0","1","{""completed"":1}"
"D3 wide receiver coaches twitter","1","0","1","{""completed"":1}"
"DO IT","1","0","1","{""completed"":1}"
"Daily sync on manual-team for Football detected changes: 3 updates (0 stat changes, 0 new categories, 0 recruiting activities, 0 schedule events, 0 new videos). Review the delta report and take proactive actions — update the briefing, notify the athlete, and suggest outreach if stats improved.","1","0","1","{""completed"":1}"
"Did I get charged for these fixes","1","0","1","{""completed"":1}"
"Did any one of them click on my profile","1","0","1","{""completed"":1}"
"Do in each order I say
1 search up 5 random colleges
2 send email to john@nxt1sports.com telling him check out nxt1","1","0","1","{""completed"":1}"
"Do in exact order I say. 
1 search up 5 random collegs","1","0","1","{""completed"":1}"
"Do in order I say","1","0","1","{""completed"":1}"
"Don’t use them","1","0","1","{""completed"":1}"
"Every hour","1","0","1","{""completed"":1}"
"Every minute","1","0","1","{""completed"":1}"
"Export this list as a PDF","1","0","1","{""completed"":1}"
"FBS and FCS","1","0","1","{""completed"":1}"
"Fix rồi","1","0","1","{""completed"":1}"
"Gaso top performer","1","0","1","{""completed"":1}"
"Generate a comprehensive weekly recap for this user. Use your available tools to gather all relevant data before writing the summary. Steps: 1. Call get_user_profile to retrieve the user profile, goals, and current context. 2. Call get_analytics_summary to fetch profile views, video views, and engagement counts for the past 7 days. 3. Call query_nxt1_platform_data to retrieve recent posts, recruiting activity, and other platform data. 4. Review the user's stated goals (agentGoals) and note progress toward each. After gathering data, compile a structured weekly recap that includes: (a) what Agent X accomplished this week, (b) key metrics and results (views, engagement), (c) content performance highlights, (d) 2–3 recommended next steps for next week tailored to the user's role and sport. Be specific and data-driven. Reference actual numbers. Keep the tone encouraging and action-oriented.","1","1","0","{""failed"":1}"
"Generate a pdf for me","1","0","1","{""cancelled"":1}"
"Generate right now","1","0","1","{""completed"":1}"
"Get it from our MaxPreps","1","0","1","{""completed"":1}"
"Get recruiting data from x. https://x.com/AKBuchtelGriffs And get roster data from maxpreps but don’t add seniors.  https://www.maxpreps.com/oh/akron/buchtel-griffins/football/25-26/roster/","1","0","1","{""completed"":1}"
"Get recruiting days from x. https://x.com/AKBuchtelGriffs And get roster data from maxpreps but don’t add seniors.  https://www.maxpreps.com/oh/akron/buchtel-griffins/football/","1","0","1","{""completed"":1}"
"Gmail connected","1","0","1","{""completed"":1}"
"Guide me how to by credits","1","0","1","{""completed"":1}"
"Help me send emails to coaches","1","0","1","{""completed"":1}"
"Help me send personalized emails to college QB coaches at D1 and D2 programs. Include my NXT1 profile link, Hudl film, class year (2026), position (QB), school (North Forest), and my May camp availability. Focus on programs that fit my level.","1","0","1","{""paused"":1}"
"His name is Max Heubel and he’s a 7th grader at Weir Middle School. The distance was 131’4 and the school colors are red and black.","1","0","1","{""completed"":1}"
"How can I make a video on here","1","0","1","{""completed"":1}"
"I don’t see any animation","1","0","1","{""completed"":1}"
"I got interest from Howard, Youngstown state, Florida state, bowling green state, Georgia, Wisconsin Milwaukee, North Carolina state,","1","0","1","{""completed"":1}"
"I want to add contact info: Complete your contact info immediately. Please execute this action now. Objective: I want to add my email and phone so recruiters can actually reach you Execution request: I need you to agent X will guide you through adding my contact email and phone number to my profile. This is the single most critical barrier preventing college coaches from reaching out after they view my film at https://www.maxpreps.com/az/phoenix/maryvale-panthers/athletes/adrain-stubbs/?careerid=bnbf4gt7mdu77.","1","0","1","{""paused"":1}"
"I want to add upcoming games or recent results. Please help me organize the details, then add the update to the Schedule collection. After that is saved, refresh any relevant parts of my Intel report with the latest stats, achievements, and profile updates.","1","0","1","{""paused"":1}"
"I want to analyze now: Study D1 RB offer trends. Please execute this action now. Objective: I want to analyze recent D1 RB offers to see what metrics and film caught coaches’ eyes. Execution request: I need you to review the last 10 D1 RB offers from programs you’re targeting. Note their 40 times, squat/bench numbers, and highlight plays that stood out. Compare these to my current metrics.","1","0","1","{""completed"":1}"
"I want to build brand: Build Your PG Brand Story. Please execute this action now. Objective: I want to create a sharp brand message that positions you as a Bethel 2027 point guard coaches should remember. Execution request: I need you to agent X will help you draft a short player bio, a social profile tagline, and a highlight-reel checklist built around my point guard identity, Bethel background, class year, and off-season development goals.","1","0","1","{""completed"":1}"
"I want to complete profile: Complete your recruiting profile essentials. Please execute this action now. Objective: I want to add my missing contact email, phone number, and Hudl link so coaches can reach you. Execution request: I need you to agent X will generate a checklist to help you add my contact email, phone number, and Hudl profile link to my NXT1 profile. The system will validate each entry and confirm when my profile is recruiter-ready with all essential touchpoints active.","1","0","1","{""completed"":1}"
"I want to draft outreach: Send QB coach packet. Please execute this action now. Objective: I want to create a short recruiting message that packages my NXT1 profile, Hudl film, class year, position, school, and May camp availability. Execution request: I need you to agent X will draft a personalized outreach note for QB coaches that includes my position, Class of 2026 status, North Forest football background, NXT1 profile link, Hudl link, and a direct ask for camp, workout, or evaluation opportunities.","1","0","1","{""completed"":1}"
"I want to draft standard: Define the NXT1 standard. Please execute this action now. Objective: I want to turn my core values into visible behaviors players can be coached, praised, and corrected on all summer. Execution request: I need you to agent X will draft a one-page NXT1 Standard with 4-5 core behaviors, examples of winning actions, accountability consequences, and a rollout script for the team.","1","0","1","{""completed"":1}"
"I want to edit reel: Create a 2028 highlight reel. Please execute this action now. Objective: I want to edit a 2-minute highlight reel of my best plays from last season. Execution request: I need you to use Hudl’s editing tools to compile my top 10-15 plays from last season, focusing on explosive runs, broken tackles, and TDs. Add my name, position, and class year as the title.","1","0","1","{""completed"":1}"
"I want to find camps: Pick 5 camp targets. Please execute this action now. Objective: I want to build a short list of college camps and combines where my DL profile can get seen this summer. Execution request: I need you to agent X will create a ranked list of five realistic camp or combine options for you, prioritizing DL coaching access, registration deadlines, exposure value, travel fit, and how each event connects to my goal of college offers.","1","0","1","{""completed"":1}"
"I want to fix profile: Complete Coach-Ready Profile. Please execute this action now. Objective: I want to add my missing contact email, phone number, and Hudl link so college coaches can evaluate and reach you properly. Execution request: I need you to agent X will guide you through adding a contact email, phone number, and Hudl profile link to my NXT1 profile, then review the page for coach-facing readiness before you begin outreach.","1","0","1","{""completed"":1}"
"I want to log now: Log QB off-season training metrics. Please execute this action now. Objective: I want to track arm strength, footwork, and conditioning progress for the week. Execution request: I need you to create a simple weekly template to log my QB-specific training: arm strength (throwing distance/velocity), footwork drills (cone times, agility), and conditioning (sprint times, endurance). Sync this data to my NXT1 profile so coaches can track my development trajectory.","1","0","1","{""completed"":1}"
"I want to log progress: Log Off-Season Workout Progress. Please execute this action now. Objective: I want to track my strength and conditioning gains for the week Execution request: I need you to agent X, create a weekly log template for Javeon to input his strength (bench, squat), agility (shuttle, L-drill), and throwing velocity metrics. Flag any gaps in his current tracking.","1","0","1","{""completed"":1}"
"I want to research camps: Research 5 D1/D2 QB Camps. Please execute this action now. Objective: I want to identify top college QB camps within 300 miles of Austin, TX for June-July Execution request: I need you to agent X, compile a list of 5 D1/D2 QB camps (e.g., Texas, Texas A&M, Baylor, TCU, SMU) with dates, costs, and registration deadlines. Include coach contact info for each.","1","0","1","{""completed"":1}"
"I want to review draft: Draft your recruiting intro email. Please execute this action now. Objective: I want to create a personalized template to send to 15 college programs this week Execution request: I need you to agent X will help you craft a compelling introduction email that highlights my Point Guard skills, leadership qualities, MaxPreps film link, and upcoming summer schedule. The email will be personalized for programs that fit my academic and athletic profile, ready for you to review and send to 15 target schools.","1","0","1","{""completed"":1}"
"I want to review plan: Update offseason training plans. Please execute this action now. Objective: I want to review and refresh my Football offseason training protocols for summer development. Execution request: I need you to agent X will audit my current offseason training plan, identify gaps in strength, speed, and position-specific skill work, and generate an updated protocol you can share with my Football roster this week.","1","0","1","{""completed"":1}"
"I want to send emails: Email 5 D1 LB coaches. Please execute this action now. Objective: I want to send personalized emails to D1 linebacker coaches with my film and profile link. Execution request: I need you to draft and send emails to 5 D1 linebacker coaches (prioritize SEC, ACC, or Big 12). Include my NXT1 profile link, Hudl highlights, and a brief pitch on why you’re a fit for their program. Use the template in my NXT1 dashboard.","1","0","1","{""completed"":1}"
"I want to send emails: Email 5 Target QB Coaches. Please execute this action now. Objective: I want to send personalized emails with my highlight reel and camp invites Execution request: I need you to agent X, draft 5 personalized emails for Javeon to send to D1/D2 QB coaches (use his NXT1 profile link and Hudl highlights). Include camp invites and a call-to-action for feedback or a call.","1","0","1","{""completed"":1}"
"I want to set council: Select leadership council. Please execute this action now. Objective: I want to move the offseason culture plan into action by naming and onboarding the first NXT1 leadership council. Execution request: I need you to agent X will create selection criteria, nomination prompts, interview questions, and a first-meeting agenda focused on standards, accountability, and summer ownership.","1","0","1","{""completed"":1}"
"I want to set up templates: Automate roster communication system. Please execute this action now. Objective: I want to set up templated messaging for parents and players to reduce manual outreach. Execution request: I need you to agent X will create a library of message templates for common scenarios (practice updates, camp reminders, eligibility check-ins, parent meetings) and set up automated scheduling so you can batch-send communications with one click.","1","0","1","{""completed"":1}"
"I want to start reps: Own pass pro reps. Please execute this action now. Objective: I want to complete a focused pass-protection session with stance, strike, leverage, and linebacker recognition work. Execution request: I need you to agent X will lay out a 25-minute pass-pro progression, including mirror footwork, punch timing, blitz ID notes, and a self-check video prompt so you can show real toughness and technique.","1","0","1","{""completed"":1}"
"I want to sync now: Sync CB Profile. Please execute this action now. Objective: I want to update my NXT1 Football profile with current size, position info, contact details, and my Hudl link. Execution request: I need you to agent X will guide you through adding a contact email, phone number, Hudl profile link, and any updated height, weight, speed, or training metrics so my profile looks ready for May off-season exposure.","1","0","1","{""completed"":1}"
"I want to sync now: Sync DL measurables. Please execute this action now. Objective: I want to update my NXT1 football profile with current size, contact info, and my Hudl link. Execution request: I need you to agent X will guide you to add my missing email, phone number, and Hudl profile link, then confirm my height, weight, and latest football info on https://nxt1sports.com/profile/football/shaquonteaz-lindsey/854284.","1","0","1","{""awaiting_input"":1}"
"I want to sync now: Sync NXT1 football profile. Please execute this action now. Objective: I want to update height, weight, and latest 40-yard dash time on my profile. Execution request: I need you to pull my latest measurements and training metrics from MaxPreps and Hudl, then update my NXT1 profile to reflect my current size and speed. Ensure my Hudl link is added so coaches can see my film immediately.","1","0","1","{""completed"":1}"
"I want to sync now: Sync QB metrics & measurements. Please execute this action now. Objective: I want to update height, weight, 40-yard dash, and throwing stats on my profile. Execution request: I need you to agent X will pull my latest verified measurements and combine stats from my Houston County film to update my NXT1 profile automatically.","1","0","1","{""completed"":1}"
"I want to sync now: Sync QB metrics to profile. Please execute this action now. Objective: I want to update my height, weight, and latest 40-yard dash time on NXT1. Execution request: I need you to review my latest training metrics, verify accuracy, and sync them to my NXT1 profile to ensure coaches see my progress.","1","0","1","{""completed"":1}"
"I want to sync now: Sync recruiting profile. Please execute this action now. Objective: I want to update my NXT1 football profile with current height, weight, and any new combine or training metrics from this week. Execution request: I need you to agent X will walk you through verifying my height, weight, GPA, combine data, and public football profile so coaches land on accurate information at https://nxt1sports.com/profile/football/deshon-yancey/67700715.","1","0","1","{""completed"":1}"
"I want to sync now: Sync your Albertville LB profile. Please execute this action now. Objective: I want to update my height, weight, and latest Hudl metrics for coaches to see. Execution request: I need you to sync my NXT1 profile to reflect my current height, weight, and any new training metrics from Hudl. Ensure my contact info (email, phone, Hudl link) is complete.","1","0","1","{""completed"":1}"
"I want to sync now: Sync your profile with latest stats. Please execute this action now. Objective: I want to update my height, weight, and any new training metrics from off-season work Execution request: I need you to agent X will guide you through updating my physical measurements, current training metrics, and verifying all profile data is current. This sync will ensure my Basketball Mens profile at https://nxt1sports.com/profile/mens-basketball/adrian-stubbs/764329 reflects my latest development from off-season training.","1","0","1","{""completed"":1}"
"I want to update metrics: Sync your profile with latest metrics. Please execute this action now. Objective: I want to update my height, weight, and training progress from this week Execution request: I need you to agent X will guide you through updating my current physical metrics including height, weight, bench press, squat, 40-yard dash time, and any recent combine or camp performance data. The system will sync these updates across my NXT1 profile and connected platforms to ensure coaches see my latest development.","1","0","1","{""awaiting_input"":1}"
"I want to update my season stats and recent performances. Please guide me through the latest numbers, then save that data to the PlayerStats collection. After that is saved, refresh any relevant parts of my Intel report with the latest stats, achievements, and profile updates.","1","0","1","{""completed"":1}"
"I want to upload clips: Update Hudl highlights with new footage. Please execute this action now. Objective: I want to add clips of my latest 7-on-7 or camp performances to my Hudl profile. Execution request: I need you to upload 2-3 new highlight clips from recent 7-on-7 tournaments or off-season workouts. Focus on plays where you diagnose quickly, shed blocks, or make open-field tackles. Tag them with #2030LB and #AlbertvilleHS.","1","0","1","{""completed"":1}"
"I want to view trainers: Research QB trainers within 25 miles of Nxt1. Please execute this action now. Objective: I want to find certified quarterback coaches offering private or small-group training near my location Execution request: I need you to agent X will identify 5-7 certified quarterback trainers or QB-focused training facilities within 25 miles of my Nxt1 location, compile their credentials, training philosophy, athlete success stories, pricing structures, and contact information for you to evaluate and reach out to.","1","0","1","{""completed"":1}"
"I want to watch film: Film breakdown: Study 3 NFL LBs. Please execute this action now. Objective: I want to watch and analyze film of elite linebackers to refine my technique and instincts. Execution request: I need you to select 3 NFL linebackers with a similar build to yours (around 5'11"", 175-180lbs) and break down their film. Note their footwork, gap discipline, and blitz timing. Document key takeaways in my NXT1 notes.","1","0","1","{""completed"":1}"
"I want to watch film: Study 3 pro QB film clips. Please execute this action now. Objective: I want to analyze film of elite QBs like Josh Allen or Patrick Mahomes to refine my mechanics. Execution request: I need you to watch and break down 3 key plays from a pro QB’s film, noting their setup, footwork, and decision-making to apply in my next 7-on-7 session.","1","0","1","{""completed"":1}"
"I'm a 2026 WR at Douglas County in the off-season. Create a 7-day posting plan across X and Instagram with specific post types each day (training clip, route-running breakdown, camp announcement, throwback highlight, graphic, etc.). For each day, give me caption copy, hashtags, and best time to post for recruiting visibility.","1","0","1","{""completed"":1}"
"I'm a linebacker in the 2030 class looking to find college programs that fit me. Can you search for schools that recruit my position and create a target list based on my profile?","1","0","1","{""completed"":1}"
"Import the attached files and build a clean football playbook draft. Extract formations, plays, install notes, and coaching points, then ask me to confirm before saving anything. Format install notes as clean line items (one instruction per line), and avoid markdown emphasis.","1","0","1","{""completed"":1}"
"Is Shia actual people image form X","1","0","1","{""cancelled"":1}"
"It’s his profile imahe","1","0","1","{""completed"":1}"
"I’m 4 star recruit and ranked 100 on big blue Dylan list!","1","0","1","{""completed"":1}"
"I’m a thrower but that was not an option","1","0","1","{""completed"":1}"
"Look up brush football team","1","0","1","{""completed"":1}"
"MAKE A POST TO MY PROFILE","1","0","1","{""completed"":1}"
"Make a marvel villain style graphic Landon
Warren from his X profile image. Here is his X account @lwarren084 Use his X account profile info for the graphic info make it 1080x1080","1","0","1","{""completed"":1}"
"Make a marvel villain style graphic Landon Warren from his X profile image. Here is his X account @lwarren084 Use his X account profile info for the graphic info make it 1080x1080","1","0","1","{""completed"":1}"
"Make me a football hype posteR","1","0","1","{""completed"":1}"
"Make me a video with my twitter videos","1","0","1","{""completed"":1}"
"Make my class 2029","1","0","1","{""completed"":1}"
"Make this a highlight","1","0","1","{""completed"":1}"
"Merge Devin Carter highlight reel. Assemble in this exact order: (1) Cinematic intro card [Runway animated opener] → (2) Reel1 full 15s clip → (3) Reel2 Diving TD 20s clip → (4) Reel2 KO Return 21s clip → (5) Reel3 YAC 10s clip → (6) Reel3 Deep Contested 8s clip → (7) Reel3 Deep Contested2 9s clip → (8) Reel3 Slant in Traffic 6s clip. Then add lower-third text overlay on the merged video: ""DEVIN CARTER | WR | DOUGLAS COUNTY | CLASS OF 2026"" (white, 42pt, bottom-left, first 10 seconds). Then add stat card overlay at 45s: ""26 REC • 431 YDS • 5 TDs | 2025 SEASON"" (white, 36pt, bottom-left). Then generate a thumbnail from the merged video at 12 seconds. Final output should be compressed to 720p MP4 coach-ready format. Post the final video URL to the user's NXT1 timeline with caption: ""The film speaks for itself. 26 catches. 431 yards. 5 TDs. Florida State bound. 🎬"" and sportId: football. Input URLs: Intro Card MP4: https://storage.googleapis.com/nxt-1-v2.firebasestorage.app/Users/o5b3BVHDPoVdwJoTnYm95UvbwdQ2/threads/6a038788097e5bb136586951/media/1778616529526-runway-30a7d9e8-a4b8-486e-99f8-79c11e34acf3.mp4 | Clip1 Reel1 Full: https://firebasestorage.googleapis.com/v0/b/nxt-1-v2.firebasestorage.app/o/Users%2Fo5b3BVHDPoVdwJoTnYm95UvbwdQ2%2Fthreads%2F6a038788097e5bb136586951%2Fmedia%2Fstaged%2Fvideo%2Fd6f7b4062bac47c9b06e4e94302b11a0.mp4?alt=media&token=ZFHxFTia7l-txaMOz4xSYxn67_nyB6hwqK5xFebXPk8 | Clip2 Diving TD: https://firebasestorage.googleapis.com/v0/b/nxt-1-v2.firebasestorage.app/o/Users%2Fo5b3BVHDPoVdwJoTnYm95UvbwdQ2%2Fthreads%2F6a038788097e5bb136586951%2Fmedia%2Fstaged%2Fvideo%2Fb676832d4a7745099f87a6dcd37c8937.mp4?alt=media&token=DWxZ8wVcf9t89j_1U3m3QJgEYsXfHDQt9Ub_0PBNLQE | Clip3 KO Return: https://firebasestorage.googleapis.com/v0/b/nxt-1-v2.firebasestorage.app/o/Users%2Fo5b3BVHDPoVdwJoTnYm95UvbwdQ2%2Fthreads%2F6a038788097e5bb136586951%2Fmedia%2Fstaged%2Fvideo%2F018085c859eb4aad897a91527c4d9363.mp4?alt=media&token=tf9oObPhVEWcJb2SckgFbEvBfZOKB2N8VvuWUjHny90 | Clip4 YAC: https://firebasestorage.googleapis.com/v0/b/nxt-1-v2.firebasestorage.app/o/Users%2Fo5b3BVHDPoVdwJoTnYm95UvbwdQ2%2Fthreads%2F6a038788097e5bb136586951%2Fmedia%2Fstaged%2Fvideo%2F1302fa74d16f41c98d747db6fc4149cf.mp4?alt=media&token=waghhpINETPHOfmcSsIM6hM-G6psR9-YVctzWGF0WE0 | Clip5 Deep Contested: https://firebasestorage.googleapis.com/v0/b/nxt-1-v2.firebasestorage.app/o/Users%2Fo5b3BVHDPoVdwJoTnYm95UvbwdQ2%2Fthreads%2F6a038788097e5bb136586951%2Fmedia%2Fstaged%2Fvideo%2F117e93d2d01e4eb5b9b97f042fd384dc.mp4?alt=media&token=szybdrhrdg42PiVd2xJlCWJrCocX_TB3Cbzex0nnaAo | Clip6 Deep Contested2: https://firebasestorage.googleapis.com/v0/b/nxt-1-v2.firebasestorage.app/o/Users%2Fo5b3BVHDPoVdwJoTnYm95UvbwdQ2%2Fthreads%2F6a038788097e5bb136586951%2Fmedia%2Fstaged%2Fvideo%2F7c1117042edc40ea9dd2f899924fc8d4.mp4?alt=media&token=VXGnqdHoPEiCLGxVArWz0qjuGEdBpsMf6N66Cns_kH0 | Clip7 Slant Traffic: https://firebasestorage.googleapis.com/v0/b/nxt-1-v2.firebasestorage.app/o/Users%2Fo5b3BVHDPoVdwJoTnYm95UvbwdQ2%2Fthreads%2F6a038788097e5bb136586951%2Fmedia%2Fstaged%2Fvideo%2F716eb978fd524e94a90aeedf68de7097.mp4?alt=media&token=X2rKfQkkJrStp6CBq4xu08vjlA5JjmmTqoQFmDM62XE UserId: o5b3BVHDPoVdwJoTnYm95UvbwdQ2","1","0","1","{""completed"":1}"
"My email is liamluizhenrique@icloud.com","1","0","1","{""completed"":1}"
"No I’m going to all next weekend","1","0","1","{""completed"":1}"
"No animation still","1","0","1","{""completed"":1}"
"No let me do it myself","1","0","1","{""completed"":1}"
"Now generate a highlight plan base on that report","1","0","1","{""completed"":1}"
"OK","1","0","1","{""completed"":1}"
"Ok just make me a graphic with the same criteria","1","0","1","{""completed"":1}"
"Passsing concept","1","0","1","{""completed"":1}"
"Please add our logo","1","0","1","{""completed"":1}"
"Please add roster besides senior please. https://www.maxpreps.com/oh/north-canton/hoover-vikings/football/25-26/roster/","1","0","1","{""completed"":1}"
"Please handle Athlete Comparison Tool with the Data Coordinator. How do I compare to other High school athletes?. Give me the clearest deliverable, priorities, and next steps to act on immediately.","1","1","0","{""failed"":1}"
"Please handle Athlete Gap Analysis with the Performance Coordinator. Identify physical weaknesses. Give me the clearest deliverable, priorities, and next steps to act on immediately.","1","1","0","{""failed"":1}"
"Please handle Athlete Graphic Creator with the Brand Coordinator. Create a graphic for a player. Give me the clearest deliverable, priorities, and next steps to act on immediately.","1","0","1","{""completed"":1}"
"Please handle Athlete Profile Report with the Admin Coordinator. View all athlete profiles in one place. Give me the clearest deliverable, priorities, and next steps to act on immediately.","1","0","1","{""completed"":1}"
"Please handle College Match Finder with the Recruiting Coordinator. Find matching schools that fit me. Give me the clearest deliverable, priorities, and next steps to act on immediately.","1","0","1","{""completed"":1}"
"Please handle Content Idea Generator with the Brand Coordinator. Give me content ideas to grow my exposure. Give me the clearest deliverable, priorities, and next steps to act on immediately.","1","0","1","{""completed"":1}"
"Please handle Depth Chart Creator with the Admin Coordinator. Build a depth chart for my team. Give me the clearest deliverable, priorities, and next steps to act on immediately.","1","0","1","{""completed"":1}"
"Please handle Engagement Fix Finder with the Data Coordinator. Improve visibility. Give me the clearest deliverable, priorities, and next steps to act on immediately.","1","0","1","{""completed"":1}"
"Please handle Game Breakdown Report with the Strategy Coordinator. Watch film & Break down our last game and key takeaways. Give me the clearest deliverable, priorities, and next steps to act on immediately.","1","0","1","{""completed"":1}"
"Please handle Highlight Video Creator with the Brand Coordinator. Build your highlight video. Give me the clearest deliverable, priorities, and next steps to act on immediately.","1","0","1","{""completed"":1}"
"Please handle Player Spotlight Posts with the Brand Coordinator. Help me promote my players online. Give me the clearest deliverable, priorities, and next steps to act on immediately.","1","1","0","{""failed"":1}"
"Please handle Program Comparison Tool with the Data Coordinator. Compare our programs to similar schools. Give me the clearest deliverable, priorities, and next steps to act on immediately.","1","0","1","{""completed"":1}"
"Please handle Program Content Ideas with the Brand Coordinator. Give me 10 content ideas to promote our programs. Give me the clearest deliverable, priorities, and next steps to act on immediately.","1","0","1","{""completed"":1}"
"Please handle Recruiting Plan Builder with the Recruiting Coordinator. Build strategy to get offers. Give me the clearest deliverable, priorities, and next steps to act on immediately.","1","0","1","{""completed"":1}"
"Please handle Team Branding with the Brand Coordinator. Develop plan to enhance our team brand. Give me the clearest deliverable, priorities, and next steps to act on immediately.","1","0","1","{""completed"":1}"
"Please handle Trainer Finder with the Performance Coordinator. Find personal coaches or trainers in my area for my position. Give me the clearest deliverable, priorities, and next steps to act on immediately.","1","0","1","{""completed"":1}"
"Please handle Weekly Content Plan with the Brand Coordinator and frame it as a recurring workflow for me. Stay consistent. Give me the execution plan, timing, checkpoints, and follow-up actions I should run with.","1","0","1","{""completed"":1}"
"Please handle Weekly Follow-Ups with the Recruiting Coordinator and frame it as a recurring workflow for me. Stay consistent. Give me the execution plan, timing, checkpoints, and follow-up actions I should run with.","1","0","1","{""completed"":1}"
"Please handle Weekly Graphics with the Brand Coordinator and frame it as a recurring workflow for me. Post performance graphics. Give me the execution plan, timing, checkpoints, and follow-up actions I should run with.","1","0","1","{""completed"":1}"
"Please handle Weekly Match Updates with the Recruiting Coordinator and frame it as a recurring workflow for me. Add new schools. Give me the execution plan, timing, checkpoints, and follow-up actions I should run with.","1","0","1","{""completed"":1}"
"Please handle Weekly Opponent Scout with the Strategy Coordinator and frame it as a recurring workflow for me. Prepare for next game. Give me the execution plan, timing, checkpoints, and follow-up actions I should run with.","1","0","1","{""completed"":1}"
"Please handle Weekly Performance Review with the Strategy Coordinator and frame it as a recurring workflow for me. Track program progress. Give me the execution plan, timing, checkpoints, and follow-up actions I should run with.","1","0","1","{""completed"":1}"
"Please handle Weekly Recruiting Check with the Recruiting Coordinator and frame it as a recurring workflow for me. Track progress. Give me the execution plan, timing, checkpoints, and follow-up actions I should run with.","1","0","1","{""completed"":1}"
"Please handle Weekly View Report with the Data Coordinator and frame it as a recurring workflow for me. Track exposure. Give me the execution plan, timing, checkpoints, and follow-up actions I should run with.","1","0","1","{""completed"":1}"
"Polished, Deuce, Yes, and both","1","0","1","{""completed"":1}"
"Post to my timeline","1","0","1","{""completed"":1}"
"Pull my Hudl film (https://www.hudl.com/profile/24436012/Javeon-Taylor) and any staged training clips, then help me build a 90-second off-season QB highlight reel. Trim the best throws, add a clean intro with my name, class of 2026, North Forest, height/weight, and generate a thumbnail I can post and send to college coaches this week.","1","0","1","{""awaiting_input"":1}"
"Re-sync all of my connected accounts right now. Review the accounts linked on my NXT1 profile, pull in the latest public updates, and refresh my profile with any changed data.","1","0","1","{""completed"":1}"
"Re-sync my connected accounts right now. Refresh these linked accounts: hudl, maxpreps, instagram, tiktok, youtube, twitter. Pull in the latest public updates and update my NXT1 profile with any changed data.","1","0","1","{""completed"":1}"
"Re-sync my connected accounts right now. Refresh these linked accounts: instagram, twitter, hudl, ncsa. Pull in the latest public updates and update my NXT1 profile with any changed data.","1","0","1","{""completed"":1}"
"Re-sync my connected accounts right now. Refresh these linked accounts: instagram, youtube. Pull in the latest public updates and update my NXT1 profile with any changed data.","1","0","1","{""completed"":1}"
"Re-sync my connected accounts right now. Refresh these linked accounts: maxpreps, instagram. Pull in the latest public updates and update my NXT1 profile with any changed data.","1","0","1","{""completed"":1}"
"Re-sync my connected accounts right now. Refresh these linked accounts: maxpreps, ncsa, on3. Pull in the latest public updates and update my NXT1 profile with any changed data.","1","0","1","{""completed"":1}"
"Re-sync my connected accounts right now. Refresh these linked accounts: recruitlook. Pull in the latest public updates and update my NXT1 profile with any changed data.","1","0","1","{""completed"":1}"
"Re-sync my connected accounts right now. Refresh these linked accounts: twitter, hudl. Pull in the latest public updates and update my NXT1 profile with any changed data.","1","0","1","{""completed"":1}"
"Re-sync my connected accounts right now. Refresh these linked accounts: twitter, instagram, hudl, maxpreps. Pull in the latest public updates and update my NXT1 profile with any changed data.","1","0","1","{""completed"":1}"
"Re-sync my connected accounts right now. Refresh these linked accounts: twitter, instagram. Pull in the latest public updates and update my NXT1 profile with any changed data.","1","0","1","{""completed"":1}"
"Re-sync my connected accounts right now. Refresh these linked accounts: twitter, tiktok. Pull in the latest public updates and update my NXT1 profile with any changed data.","1","0","1","{""completed"":1}"
"Re-sync my connected accounts right now. Refresh these linked accounts: twitter, youtube. Pull in the latest public updates and update my NXT1 profile with any changed data.","1","0","1","{""completed"":1}"
"Re-sync my connected accounts right now. Refresh these linked accounts: youtube, tiktok, hudl, fieldlevel, maxpreps. Pull in the latest public updates and update my NXT1 profile with any changed data.","1","0","1","{""completed"":1}"
"Recruiting","1","0","1","{""completed"":1}"
"Resend this to ray@nxt1sports.com","1","0","1","{""completed"":1}"
"Ricky13fer but like all the stuff you listed up top in the video to","1","0","1","{""completed"":1}"
"Run an analytics comparison between me and other 2028 point guards in Texas around my size (5'10""). Show me strengths, gaps, and what data points I need to log this off-season to close the distance. Use a chart if helpful.","1","0","1","{""completed"":1}"
"Run an analytics summary on my profile and compare my QB metrics (arm strength, footwork, height/weight, stats) against benchmarks of 2026 QBs currently getting D1 and D2 offers. Generate a chart and tell me the 3 specific numbers I need to improve in the next 60 days to be more recruitable.","1","0","1","{""completed"":1}"
"Save the clip to your profile now","1","0","1","{""completed"":1}"
"Search for 15-20 colleges across D1, D2, D3, and NAIA in Texas and neighboring states that historically recruit 5'10"" point guards. For each, list the head coach, conference, and why they could fit me as a 2028 prospect. Save this as my initial target list.","1","0","1","{""cancelled"":1}"
"Search for colleges that fit me — Class of 2028, 6'3"" 215 lb outfielder from Orlando, FL. Mix in-state options (UF, FSU, UCF, USF, Stetson) with realistic D1/D2 fits in the Southeast and explain why each matches.","1","0","1","{""completed"":1}"
"Search for colleges within driving distance of Anniston, AL that historically recruit linebackers and could be early-relationship targets for me as a 2030 prospect. Include a mix of FBS, FCS, D2, and D3. Give me coach names and contact info so I can start building my list.","1","0","1","{""completed"":1}"
"Send","1","0","1","{""completed"":1}"
"Send a list of d3 recruiting coordinators","1","0","1","{""completed"":1}"
"Send an email with body “ dev test “ to john@nxt1sports.com","1","0","1","{""completed"":1}"
"Send it","1","0","1","{""completed"":1}"
"Send it again","1","0","1","{""completed"":1}"
"Send me pdf","1","0","1","{""completed"":1}"
"Send weekly practice reminder to the roster","1","0","1","{""awaiting_input"":1}"
"Set a scheduled task for me for tomorrow morning at 9am send intro email ray@nxt1sports.com","1","0","1","{""completed"":1}"
"So is it fully up to date","1","0","1","{""completed"":1}"
"So what all is synced for my team currently?","1","0","1","{""completed"":1}"
"So what all you have about our team on here","1","0","1","{""completed"":1}"
"So what do I do with this now?","1","0","1","{""completed"":1}"
"Switch their names you got the wrong name for each one. Do not change anything else","1","0","1","{""completed"":1}"
"Sync connected account to nxt1","1","0","1","{""completed"":1}"
"Sync maxpreps again","1","0","1","{""completed"":1}"
"Sync my connected accounts (hudl, twitter). Target profile: NXT1 profile. Collect and add or update all relevant athlete fields now (bio, team context, position details, measurables, achievements, offers, and recent performance/news). Never invent or fabricate missing data. Execute the sync immediately and write the updates directly to the target profile.","1","1","0","{""failed"":1}"
"Sync my connected accounts (maxpreps, hudl, x). Target profile: team profile. Collect and add or update all relevant team fields now (identity, schedule, roster context, achievements, recent news, and recruiting records for identifiable prospects). Never invent or fabricate roster players; if source roster data is empty, skip roster writes and report that explicitly. When a recruiting mention identifies a prospect, write a team-linked recruiting record and link it to the athlete account when a valid rostered athlete target exists. Execute the sync immediately and write the updates directly to the target profile.","1","0","1","{""completed"":1}"
"Sync my connected accounts (x, hudl, maxpreps, tiktok, youtube). Target profile: NXT1 profile. Collect and add or update all relevant athlete fields now (bio, team context, position details, measurables, achievements, offers, and recent performance/news). Never invent or fabricate missing data. Execute the sync immediately and write the updates directly to the target profile.","1","0","1","{""completed"":1}"
"Sync my connected accounts. Linked accounts in this job: athletic, ncsa. Target profile: NXT1 profile. Collect and add or update all relevant athlete fields now (bio, team context, position details, measurables, achievements, offers, and recent performance/news). Never invent or fabricate missing data. Execute the sync immediately and write the updates directly to the target profile.

Accounts to sync:
- athletic: https://www.athletic.net/athlete/27358235/track-and-field/all
- ncsa: https://recruit-match.ncsasports.org/clientrms/athlete_profiles/14014651","1","1","0","{""failed"":1}"
"Sync my connected accounts. Linked accounts in this job: custom::1778672139315-0. Target profile: NXT1 profile. Collect and add or update all relevant athlete fields now (bio, team context, position details, measurables, achievements, offers, and recent performance/news). Never invent or fabricate missing data. Execute the sync immediately and write the updates directly to the target profile.

Accounts to sync:
- custom::1778672139315-0: https://prepredzone.com/player/dylon-coleman/","1","0","1","{""completed"":1}"
"Sync my connected accounts. Linked accounts in this job: facebook, instagram. Target profile: NXT1 profile. Collect and add or update all relevant athlete fields now (bio, team context, position details, measurables, achievements, offers, and recent performance/news). Never invent or fabricate missing data. Execute the sync immediately and write the updates directly to the target profile.

Accounts to sync:
- facebook: https://www.facebook.com/share/1D2TqUEvir/?mibextid=wwXIfr
- instagram: https://instagram.com/teazlindsey","1","0","1","{""completed"":1}"
"Sync my connected accounts. Linked accounts in this job: fieldlevel. Target profile: NXT1 profile. Collect and add or update all relevant athlete fields now (bio, team context, position details, measurables, achievements, offers, and recent performance/news). Never invent or fabricate missing data. Execute the sync immediately and write the updates directly to the target profile.

Accounts to sync:
- fieldlevel: https://www.fieldlevel.com/app/profile/kelsie.moran/volleyballwomen","1","0","1","{""completed"":1}"
"Sync my connected accounts. Linked accounts in this job: hudl, 247sports. Target profile: NXT1 profile. Collect and add or update all relevant athlete fields now (bio, team context, position details, measurables, achievements, offers, and recent performance/news). Never invent or fabricate missing data. Execute the sync immediately and write the updates directly to the target profile.

Accounts to sync:
- hudl: http://hudl.com/profile/22701643/Teaz-Lindsey/highlights
- 247sports: https://247sports.com/","1","0","1","{""completed"":1}"
"Sync my connected accounts. Linked accounts in this job: hudl, ncsa. Target profile: NXT1 profile. Collect and add or update all relevant athlete fields now (bio, team context, position details, measurables, achievements, offers, and recent performance/news). Never invent or fabricate missing data. Execute the sync immediately and write the updates directly to the target profile.

Accounts to sync:
- hudl: http://www.hudl.com/profile/22452344
- ncsa: https://recruit-match.ncsasports.org/clientrms/athlete_profiles/10854149","1","0","1","{""completed"":1}"
"Sync my connected accounts. Linked accounts in this job: hudl, twitter. Target profile: NXT1 profile. Collect and add or update all relevant athlete fields now (bio, team context, position details, measurables, achievements, offers, and recent performance/news). Never invent or fabricate missing data. Execute the sync immediately and write the updates directly to the target profile.

Accounts to sync:
- hudl: https://www.hudl.com/profile/19401022/Hayden-Schwab
- twitter: @schwabhayden1","1","0","1","{""completed"":1}"
"Sync my connected accounts. Linked accounts in this job: hudl, twitter. Target profile: NXT1 profile. Collect and add or update all relevant athlete fields now (bio, team context, position details, measurables, achievements, offers, and recent performance/news). Never invent or fabricate missing data. Execute the sync immediately and write the updates directly to the target profile.

Accounts to sync:
- hudl: https://www.hudl.com/profile/22261160
- twitter: @ix_d17","1","0","1","{""completed"":1}"
"Sync my connected accounts. Linked accounts in this job: hudl, twitter. Target profile: NXT1 profile. Collect and add or update all relevant athlete fields now (bio, team context, position details, measurables, achievements, offers, and recent performance/news). Never invent or fabricate missing data. Execute the sync immediately and write the updates directly to the target profile.

Accounts to sync:
- hudl: https://www.hudl.com/profile/22695593
- twitter: @Damauri Brigmon","1","0","1","{""completed"":1}"
"Sync my connected accounts. Linked accounts in this job: hudl, twitter. Target profile: NXT1 profile. Collect and add or update all relevant athlete fields now (bio, team context, position details, measurables, achievements, offers, and recent performance/news). Never invent or fabricate missing data. Execute the sync immediately and write the updates directly to the target profile.

Accounts to sync:
- hudl: https://www.hudl.com/profile/23083198
- twitter: @Luhtris23","1","1","0","{""failed"":1}"
"Sync my connected accounts. Linked accounts in this job: hudl, twitter. Target profile: NXT1 profile. Collect and add or update all relevant athlete fields now (bio, team context, position details, measurables, achievements, offers, and recent performance/news). Never invent or fabricate missing data. Execute the sync immediately and write the updates directly to the target profile.

Accounts to sync:
- hudl: https://www.hudl.com/profile/23130263
- twitter: @Lamarsauls71885","1","0","1","{""completed"":1}"
"Sync my connected accounts. Linked accounts in this job: hudl, twitter. Target profile: NXT1 profile. Collect and add or update all relevant athlete fields now (bio, team context, position details, measurables, achievements, offers, and recent performance/news). Never invent or fabricate missing data. Execute the sync immediately and write the updates directly to the target profile.

Accounts to sync:
- hudl: https://www.hudl.com/profile/23862865
- twitter: @ballermadelogan","1","0","1","{""completed"":1}"
"Sync my connected accounts. Linked accounts in this job: hudl, twitter. Target profile: NXT1 profile. Collect and add or update all relevant athlete fields now (bio, team context, position details, measurables, achievements, offers, and recent performance/news). Never invent or fabricate missing data. Execute the sync immediately and write the updates directly to the target profile.

Accounts to sync:
- hudl: https://www.hudl.com/profile/27392190
- twitter: @Cole_Stricklin","1","0","1","{""completed"":1}"
"Sync my connected accounts. Linked accounts in this job: hudl, twitter. Target profile: NXT1 profile. Collect and add or update all relevant athlete fields now (bio, team context, position details, measurables, achievements, offers, and recent performance/news). Never invent or fabricate missing data. Execute the sync immediately and write the updates directly to the target profile.

Accounts to sync:
- hudl: https://www.hudl.com/profile/28741340
- twitter: @KadeEtier22","1","0","1","{""completed"":1}"
"Sync my connected accounts. Linked accounts in this job: hudl, twitter. Target profile: NXT1 profile. Collect and add or update all relevant athlete fields now (bio, team context, position details, measurables, achievements, offers, and recent performance/news). Never invent or fabricate missing data. Execute the sync immediately and write the updates directly to the target profile.

Accounts to sync:
- hudl: https://www.hudl.com/v/2Qsknv
- twitter: @Cfwqalin","1","0","1","{""completed"":1}"
"Sync my connected accounts. Linked accounts in this job: hudl, twitter. Target profile: NXT1 profile. Collect and add or update all relevant athlete fields now (bio, team context, position details, measurables, achievements, offers, and recent performance/news). Never invent or fabricate missing data. Execute the sync immediately and write the updates directly to the target profile.

Accounts to sync:
- hudl: https://www.hudl.com/v/2TCnRU
- twitter: @Lukefrayer10","1","0","1","{""completed"":1}"
"Sync my connected accounts. Linked accounts in this job: hudl, x. Target profile: NXT1 profile. Collect and add or update all relevant athlete fields now (bio, team context, position details, measurables, achievements, offers, and recent performance/news). Never invent or fabricate missing data. Execute the sync immediately and write the updates directly to the target profile.

Accounts to sync:
- hudl: https://www.hudl.com/profile/19341470
- x: https://x.com/deshon4yancey","1","0","1","{""completed"":1}"
"Sync my connected accounts. Linked accounts in this job: hudl, x. Target profile: NXT1 profile. Collect and add or update all relevant athlete fields now (bio, team context, position details, measurables, achievements, offers, and recent performance/news). Never invent or fabricate missing data. Execute the sync immediately and write the updates directly to the target profile.

Accounts to sync:
- hudl: https://www.hudl.com/profile/19517165/Andreas-Reese
- x: https://x.com/Andreas4Reese","1","0","1","{""completed"":1}"
"Sync my connected accounts. Linked accounts in this job: hudl, x. Target profile: NXT1 profile. Collect and add or update all relevant athlete fields now (bio, team context, position details, measurables, achievements, offers, and recent performance/news). Never invent or fabricate missing data. Execute the sync immediately and write the updates directly to the target profile.

Accounts to sync:
- hudl: https://www.hudl.com/profile/19756084
- x: https://x.com/jahdenruff","1","0","1","{""completed"":1}"
"Sync my connected accounts. Linked accounts in this job: hudl, youtube. Target profile: NXT1 profile. Collect and add or update all relevant athlete fields now (bio, team context, position details, measurables, achievements, offers, and recent performance/news). Never invent or fabricate missing data. Execute the sync immediately and write the updates directly to the target profile.

Accounts to sync:
- hudl: http://www.hudl.com/profile/22619876
- youtube: https://youtube.com/@cfk.dd8?si=leozUHZLq6TcFMbR","1","0","1","{""completed"":1}"
"Sync my connected accounts. Linked accounts in this job: hudl, youtube. Target profile: NXT1 profile. Collect and add or update all relevant athlete fields now (bio, team context, position details, measurables, achievements, offers, and recent performance/news). Never invent or fabricate missing data. Execute the sync immediately and write the updates directly to the target profile.

Accounts to sync:
- hudl: https://www.hudl.com/profile/20938391
- youtube: https://youtube.com/@elijahscarbrough?si=sXzEI5PzvUmHY3IO","1","0","1","{""completed"":1}"
"Sync my connected accounts. Linked accounts in this job: hudl, youtube. Target profile: NXT1 profile. Collect and add or update all relevant athlete fields now (bio, team context, position details, measurables, achievements, offers, and recent performance/news). Never invent or fabricate missing data. Execute the sync immediately and write the updates directly to the target profile.

Accounts to sync:
- hudl: https://www.hudl.com/profile/24281932
- youtube: https://youtube.com/@staydownkg?si=RWHy9xU6cHIuSQ0q","1","0","1","{""completed"":1}"
"Sync my connected accounts. Linked accounts in this job: hudl, youtube. Target profile: NXT1 profile. Collect and add or update all relevant athlete fields now (bio, team context, position details, measurables, achievements, offers, and recent performance/news). Never invent or fabricate missing data. Execute the sync immediately and write the updates directly to the target profile.

Accounts to sync:
- hudl: https://www.hudl.com/profile/29005009
- youtube: https://@AjAello","1","0","1","{""completed"":1}"
"Sync my connected accounts. Linked accounts in this job: hudl. Target profile: NXT1 profile. Collect and add or update all relevant athlete fields now (bio, team context, position details, measurables, achievements, offers, and recent performance/news). Never invent or fabricate missing data. Execute the sync immediately and write the updates directly to the target profile.

Accounts to sync:
- hudl: http://www.hudl.com/profile/22561274","1","0","1","{""completed"":1}"
"Sync my connected accounts. Linked accounts in this job: hudl. Target profile: NXT1 profile. Collect and add or update all relevant athlete fields now (bio, team context, position details, measurables, achievements, offers, and recent performance/news). Never invent or fabricate missing data. Execute the sync immediately and write the updates directly to the target profile.

Accounts to sync:
- hudl: https://www.hudl.com/profile/16539552/Ezekiel-Osborne","1","0","1","{""completed"":1}"
"Sync my connected accounts. Linked accounts in this job: hudl. Target profile: NXT1 profile. Collect and add or update all relevant athlete fields now (bio, team context, position details, measurables, achievements, offers, and recent performance/news). Never invent or fabricate missing data. Execute the sync immediately and write the updates directly to the target profile.

Accounts to sync:
- hudl: https://www.hudl.com/profile/22391018/Kyle-Keener","1","0","1","{""completed"":1}"
"Sync my connected accounts. Linked accounts in this job: hudl. Target profile: team profile. Collect and add or update all relevant team fields now (identity, schedule, roster context, recruiting updates, achievements, and recent news). Never invent or fabricate roster players; if source roster data is empty, skip roster writes and report that explicitly. Execute the sync immediately and write the updates directly to the target profile.

Accounts to sync:
- hudl: https://fan.hudl.com/usa/tx/coppell/organization/6840/coppell-high-school/team/17348/boys-varsity-football","1","0","1","{""completed"":1}"
"Sync my connected accounts. Linked accounts in this job: instagram, ncsa. Target profile: NXT1 profile. Collect and add or update all relevant athlete fields now (bio, team context, position details, measurables, achievements, offers, and recent performance/news). Never invent or fabricate missing data. Execute the sync immediately and write the updates directly to the target profile.

Accounts to sync:
- instagram: https://instagram.com/Drereese.4
- ncsa: https://recruit-match.ncsasports.org/clientrms/athlete_profiles/10352949","1","0","1","{""completed"":1}"
"Sync my connected accounts. Linked accounts in this job: instagram, tiktok. Target profile: NXT1 profile. Collect and add or update all relevant athlete fields now (bio, team context, position details, measurables, achievements, offers, and recent performance/news). Never invent or fabricate missing data. Execute the sync immediately and write the updates directly to the target profile.

Accounts to sync:
- instagram: 803.Sumo
- tiktok: @mrhavvin.0","1","0","1","{""completed"":1}"
"Sync my connected accounts. Linked accounts in this job: instagram, tiktok. Target profile: NXT1 profile. Collect and add or update all relevant athlete fields now (bio, team context, position details, measurables, achievements, offers, and recent performance/news). Never invent or fabricate missing data. Execute the sync immediately and write the updates directly to the target profile.

Accounts to sync:
- instagram: Greg_in.motion
- tiktok: @Greg_in_motion","1","0","1","{""completed"":1}"
"Sync my connected accounts. Linked accounts in this job: instagram, tiktok. Target profile: NXT1 profile. Collect and add or update all relevant athlete fields now (bio, team context, position details, measurables, achievements, offers, and recent performance/news). Never invent or fabricate missing data. Execute the sync immediately and write the updates directly to the target profile.

Accounts to sync:
- instagram: Primetime.luke
- tiktok: @primetimeluke","1","0","1","{""completed"":1}"
"Sync my connected accounts. Linked accounts in this job: instagram, tiktok. Target profile: NXT1 profile. Collect and add or update all relevant athlete fields now (bio, team context, position details, measurables, achievements, offers, and recent performance/news). Never invent or fabricate missing data. Execute the sync immediately and write the updates directly to the target profile.

Accounts to sync:
- instagram: _.wakka.0
- tiktok: @wakka.3","1","0","1","{""completed"":1}"
"Sync my connected accounts. Linked accounts in this job: instagram, tiktok. Target profile: NXT1 profile. Collect and add or update all relevant athlete fields now (bio, team context, position details, measurables, achievements, offers, and recent performance/news). Never invent or fabricate missing data. Execute the sync immediately and write the updates directly to the target profile.

Accounts to sync:
- instagram: colestricklin10
- tiktok: @colestricklin10","1","0","1","{""completed"":1}"
"Sync my connected accounts. Linked accounts in this job: instagram, tiktok. Target profile: NXT1 profile. Collect and add or update all relevant athlete fields now (bio, team context, position details, measurables, achievements, offers, and recent performance/news). Never invent or fabricate missing data. Execute the sync immediately and write the updates directly to the target profile.

Accounts to sync:
- instagram: https://instagram.com/Dyloncoleman_
- tiktok: https://tiktok.com/@Moneyond","1","1","0","{""failed"":1}"
"Sync my connected accounts. Linked accounts in this job: instagram, tiktok. Target profile: NXT1 profile. Collect and add or update all relevant athlete fields now (bio, team context, position details, measurables, achievements, offers, and recent performance/news). Never invent or fabricate missing data. Execute the sync immediately and write the updates directly to the target profile.

Accounts to sync:
- instagram: staydownkg
- tiktok: @llorkhi","1","0","1","{""completed"":1}"
"Sync my connected accounts. Linked accounts in this job: instagram, youtube. Target profile: NXT1 profile. Collect and add or update all relevant athlete fields now (bio, team context, position details, measurables, achievements, offers, and recent performance/news). Never invent or fabricate missing data. Execute the sync immediately and write the updates directly to the target profile.

Accounts to sync:
- instagram: https://instagram.com/ice30curry
- youtube: https://youtube.com/@ice30curry","1","0","1","{""completed"":1}"
"Sync my connected accounts. Linked accounts in this job: instagram. Target profile: NXT1 profile. Collect and add or update all relevant athlete fields now (bio, team context, position details, measurables, achievements, offers, and recent performance/news). Never invent or fabricate missing data. Execute the sync immediately and write the updates directly to the target profile.

Accounts to sync:
- instagram: Cfwqalin","1","0","1","{""completed"":1}"
"Sync my connected accounts. Linked accounts in this job: instagram. Target profile: NXT1 profile. Collect and add or update all relevant athlete fields now (bio, team context, position details, measurables, achievements, offers, and recent performance/news). Never invent or fabricate missing data. Execute the sync immediately and write the updates directly to the target profile.

Accounts to sync:
- instagram: Djwitdasniper","1","0","1","{""completed"":1}"
"Sync my connected accounts. Linked accounts in this job: instagram. Target profile: NXT1 profile. Collect and add or update all relevant athlete fields now (bio, team context, position details, measurables, achievements, offers, and recent performance/news). Never invent or fabricate missing data. Execute the sync immediately and write the updates directly to the target profile.

Accounts to sync:
- instagram: Kadethemain2028","1","0","1","{""completed"":1}"
"Sync my connected accounts. Linked accounts in this job: instagram. Target profile: NXT1 profile. Collect and add or update all relevant athlete fields now (bio, team context, position details, measurables, achievements, offers, and recent performance/news). Never invent or fabricate missing data. Execute the sync immediately and write the updates directly to the target profile.

Accounts to sync:
- instagram: Xvii_d17","1","0","1","{""completed"":1}"
"Sync my connected accounts. Linked accounts in this job: instagram. Target profile: NXT1 profile. Collect and add or update all relevant athlete fields now (bio, team context, position details, measurables, achievements, offers, and recent performance/news). Never invent or fabricate missing data. Execute the sync immediately and write the updates directly to the target profile.

Accounts to sync:
- instagram: ballermadelogan","1","0","1","{""completed"":1}"
"Sync my connected accounts. Linked accounts in this job: instagram. Target profile: NXT1 profile. Collect and add or update all relevant athlete fields now (bio, team context, position details, measurables, achievements, offers, and recent performance/news). Never invent or fabricate missing data. Execute the sync immediately and write the updates directly to the target profile.

Accounts to sync:
- instagram: d.1__mar","1","0","1","{""completed"":1}"
"Sync my connected accounts. Linked accounts in this job: instagram. Target profile: NXT1 profile. Collect and add or update all relevant athlete fields now (bio, team context, position details, measurables, achievements, offers, and recent performance/news). Never invent or fabricate missing data. Execute the sync immediately and write the updates directly to the target profile.

Accounts to sync:
- instagram: haydenschwab13","1","0","1","{""completed"":1}"
"Sync my connected accounts. Linked accounts in this job: instagram. Target profile: NXT1 profile. Collect and add or update all relevant athlete fields now (bio, team context, position details, measurables, achievements, offers, and recent performance/news). Never invent or fabricate missing data. Execute the sync immediately and write the updates directly to the target profile.

Accounts to sync:
- instagram: https://instagram.com/shonn.11","1","0","1","{""completed"":1}"
"Sync my connected accounts. Linked accounts in this job: instagram. Target profile: NXT1 profile. Collect and add or update all relevant athlete fields now (bio, team context, position details, measurables, achievements, offers, and recent performance/news). Never invent or fabricate missing data. Execute the sync immediately and write the updates directly to the target profile.

Accounts to sync:
- instagram: luh_jahdenn","1","0","1","{""thinking"":1}"
"Sync my connected accounts. Linked accounts in this job: maxpreps, hudl. Target profile: NXT1 profile. Collect and add or update all relevant athlete fields now (bio, team context, position details, measurables, achievements, offers, and recent performance/news). Never invent or fabricate missing data. Execute the sync immediately and write the updates directly to the target profile.

Accounts to sync:
- maxpreps: https://www.maxpreps.com/ga/buford/buford-wolves/athletes/dylan-raiola/?careerid=l575q7geuv233
- hudl: https://www.hudl.com/profile/14514680/Dylan-Raiola","1","0","1","{""completed"":1}"
"Sync my connected accounts. Linked accounts in this job: maxpreps, hudl. Target profile: NXT1 profile. Collect and add or update all relevant athlete fields now (bio, team context, position details, measurables, achievements, offers, and recent performance/news). Never invent or fabricate missing data. Execute the sync immediately and write the updates directly to the target profile.

Accounts to sync:
- maxpreps: https://www.maxpreps.com/ga/douglasville/douglas-county-tigers/athletes/devin-carter/?careerid=qgp4rg95mrv77
- hudl: https://www.hudl.com/profile/15126815/Devin-Carter","1","0","1","{""completed"":1}"
"Sync my connected accounts. Linked accounts in this job: maxpreps, hudl. Target profile: NXT1 profile. Collect and add or update all relevant athlete fields now (bio, team context, position details, measurables, achievements, offers, and recent performance/news). Never invent or fabricate missing data. Execute the sync immediately and write the updates directly to the target profile.

Accounts to sync:
- maxpreps: https://www.maxpreps.com/ga/warner-robins/houston-county-bears/athletes/antwann-hill-jr/?careerid=jmt5fhb3ce0p9
- hudl: https://www.hudl.com/profile/13789796/Antwann-Hill-Jr","1","0","1","{""completed"":1}"
"Sync my connected accounts. Linked accounts in this job: maxpreps, hudl. Target profile: team profile. Collect and add or update all relevant team fields now (identity, schedule, roster context, achievements, recent news, and recruiting records for identifiable prospects). Never invent or fabricate roster players; if source roster data is empty, skip roster writes and report that explicitly. When a recruiting mention identifies a prospect, write a team-linked recruiting record and link it to the athlete account when a valid rostered athlete target exists. Execute the sync immediately and write the updates directly to the target profile.

Accounts to sync:
- maxpreps: https://www.maxpreps.com/oh/akron/buchtel-griffins/football/
- hudl: https://fan.hudl.com/usa/oh/akron/organization/7642/buchtel-high-school/team/18832/boys-varsity-football","1","0","1","{""completed"":1}"
"Sync my connected accounts. Linked accounts in this job: maxpreps, hudl. Target profile: team profile. Collect and add or update all relevant team fields now (identity, schedule, roster context, achievements, recent news, and recruiting records for identifiable prospects). Never invent or fabricate roster players; if source roster data is empty, skip roster writes and report that explicitly. When a recruiting mention identifies a prospect, write a team-linked recruiting record and link it to the athlete account when a valid rostered athlete target exists. Execute the sync immediately and write the updates directly to the target profile.

Accounts to sync:
- maxpreps: https://www.maxpreps.com/oh/akron/garfield-rams/football/
- hudl: https://fan.hudl.com/usa/oh/akron/organization/12031/kenmore-garfield-high-school/team/28435/boys-varsity-football","1","0","1","{""completed"":1}"
"Sync my connected accounts. Linked accounts in this job: maxpreps, hudl. Target profile: team profile. Collect and add or update all relevant team fields now (identity, schedule, roster context, achievements, recent news, and recruiting records for identifiable prospects). Never invent or fabricate roster players; if source roster data is empty, skip roster writes and report that explicitly. When a recruiting mention identifies a prospect, write a team-linked recruiting record and link it to the athlete account when a valid rostered athlete target exists. Execute the sync immediately and write the updates directly to the target profile.

Accounts to sync:
- maxpreps: https://www.maxpreps.com/oh/lyndhurst/brush-arcs/football/
- hudl: https://fan.hudl.com/usa/oh/lyndhurst/organization/11474/brush-high-school/team/26668/boys-varsity-football","1","0","1","{""completed"":1}"
"Sync my connected accounts. Linked accounts in this job: maxpreps, hudl. Target profile: team profile. Collect and add or update all relevant team fields now (identity, schedule, roster context, achievements, recent news, and recruiting records for identifiable prospects). Never invent or fabricate roster players; if source roster data is empty, skip roster writes and report that explicitly. When a recruiting mention identifies a prospect, write a team-linked recruiting record and link it to the athlete account when a valid rostered athlete target exists. Execute the sync immediately and write the updates directly to the target profile.

Accounts to sync:
- maxpreps: https://www.maxpreps.com/oh/macedonia/nordonia-knights/football/
- hudl: https://fan.hudl.com/usa/oh/macedonia/organization/13448/nordonia-high-school/team/30054/boys-varsity-football","1","0","1","{""completed"":1}"
"Sync my connected accounts. Linked accounts in this job: maxpreps, hudl. Target profile: team profile. Collect and add or update all relevant team fields now (identity, schedule, roster context, recruiting updates, achievements, and recent news). Never invent or fabricate roster players; if source roster data is empty, skip roster writes and report that explicitly. Execute the sync immediately and write the updates directly to the target profile.

Accounts to sync:
- maxpreps: https://www.maxpreps.com/al/hoover/hoover-buccaneers/football/
- hudl: https://fan.hudl.com/usa/al/hoover/organization/9144/hoover-high-school/team/22016/boys-varsity-football","1","0","1","{""completed"":1}"
"Sync my connected accounts. Linked accounts in this job: maxpreps, hudl. Target profile: team profile. Collect and add or update all relevant team fields now (identity, schedule, roster context, recruiting updates, achievements, and recent news). Never invent or fabricate roster players; if source roster data is empty, skip roster writes and report that explicitly. Execute the sync immediately and write the updates directly to the target profile.

Accounts to sync:
- maxpreps: https://www.maxpreps.com/oh/akron/east-dragons/football/
- hudl: https://fan.hudl.com/usa/oh/akron/organization/14446/east-high-school/team/31053/boys-varsity-football","1","0","1","{""completed"":1}"
"Sync my connected accounts. Linked accounts in this job: maxpreps, hudl. Target profile: team profile. Collect and add or update all relevant team fields now (identity, schedule, roster context, recruiting updates, achievements, and recent news). Never invent or fabricate roster players; if source roster data is empty, skip roster writes and report that explicitly. Execute the sync immediately and write the updates directly to the target profile.

Accounts to sync:
- maxpreps: https://www.maxpreps.com/oh/north-canton/hoover-vikings/football/
- hudl: https://fan.hudl.com/usa/oh/north-canton/organization/2748/hoover-high-school/team/6624/boys-varsity-football","1","0","1","{""completed"":1}"
"Sync my connected accounts. Linked accounts in this job: maxpreps, instagram. Target profile: NXT1 profile. Collect and add or update all relevant athlete fields now (bio, team context, position details, measurables, achievements, offers, and recent performance/news). Never invent or fabricate missing data. Execute the sync immediately and write the updates directly to the target profile.

Accounts to sync:
- maxpreps: https://secure.maxpreps.com/m/member/default.aspx?returnurl=aHR0cHM6Ly93d3cubWF4cHJlcHMuY29tLw%3d%3d
- instagram: https://instagram.com/nowhx53","1","0","1","{""completed"":1}"
"Sync my connected accounts. Linked accounts in this job: maxpreps, instagram. Target profile: team profile. Collect and add or update all relevant team fields now (identity, schedule, roster context, achievements, recent news, and recruiting records for identifiable prospects). Never invent or fabricate roster players; if source roster data is empty, skip roster writes and report that explicitly. When a recruiting mention identifies a prospect, write a team-linked recruiting record and link it to the athlete account when a valid rostered athlete target exists. Execute the sync immediately and write the updates directly to the target profile.

Accounts to sync:
- maxpreps: https://www.maxpreps.com/oh/magnolia/sandy-valley-cardinals/football/
- instagram: https://instagram.com/sv_cardinals_fb","1","0","1","{""completed"":1}"
"Sync my connected accounts. Linked accounts in this job: maxpreps, instagram. Target profile: team profile. Collect and add or update all relevant team fields now (identity, schedule, roster context, recruiting updates, achievements, and recent news). Never invent or fabricate roster players; if source roster data is empty, skip roster writes and report that explicitly. Execute the sync immediately and write the updates directly to the target profile.

Accounts to sync:
- maxpreps: https://www.maxpreps.com/news/writer/jordan-divens/?id=1cdd1844-dfa2-404a-bfba-6fec1db00bf8
- instagram: https://instagram.com/sonngocgo","1","0","1","{""completed"":1}"
"Sync my connected accounts. Linked accounts in this job: maxpreps, tiktok. Target profile: NXT1 profile. Collect and add or update all relevant athlete fields now (bio, team context, position details, measurables, achievements, offers, and recent performance/news). Never invent or fabricate missing data. Execute the sync immediately and write the updates directly to the target profile.

Accounts to sync:
- maxpreps: https://maxpreps.app.link/oRXmPWsT62b
- tiktok: https://tiktok.com/@theyluvmike.2","1","1","0","{""failed"":1}"
"Sync my connected accounts. Linked accounts in this job: maxpreps, twitter. Target profile: NXT1 profile. Collect and add or update all relevant athlete fields now (bio, team context, position details, measurables, achievements, offers, and recent performance/news). Never invent or fabricate missing data. Execute the sync immediately and write the updates directly to the target profile.

Accounts to sync:
- maxpreps: https://247sports.com/user/gregbaker2/
- twitter: @_Greg_Baker1","1","0","1","{""completed"":1}"
"Sync my connected accounts. Linked accounts in this job: maxpreps, twitter. Target profile: NXT1 profile. Collect and add or update all relevant athlete fields now (bio, team context, position details, measurables, achievements, offers, and recent performance/news). Never invent or fabricate missing data. Execute the sync immediately and write the updates directly to the target profile.

Accounts to sync:
- maxpreps: https://247sports.com/user/malachigithua/
- twitter: @StaydownKg","1","0","1","{""completed"":1}"
"Sync my connected accounts. Linked accounts in this job: maxpreps, x. Target profile: NXT1 profile. Collect and add or update all relevant athlete fields now (bio, team context, position details, measurables, achievements, offers, and recent performance/news). Never invent or fabricate missing data. Execute the sync immediately and write the updates directly to the target profile.

Accounts to sync:
- maxpreps: https://N/A
- x: https://x.com/Dyloncoleman28","1","1","0","{""failed"":1}"
"Sync my connected accounts. Linked accounts in this job: maxpreps, x. Target profile: NXT1 profile. Collect and add or update all relevant athlete fields now (bio, team context, position details, measurables, achievements, offers, and recent performance/news). Never invent or fabricate missing data. Execute the sync immediately and write the updates directly to the target profile.

Accounts to sync:
- maxpreps: https://www.maxpreps.com/ca/shafter/shafter-generals/athletes/ezekiel-osborne/?careerid=ovo91tjltc9bb
- x: https://x.com/ezekielosborne1","1","0","1","{""completed"":1}"
"Sync my connected accounts. Linked accounts in this job: maxpreps, x. Target profile: team profile. Collect and add or update all relevant team fields now (identity, schedule, roster context, recruiting updates, achievements, and recent news). Never invent or fabricate roster players; if source roster data is empty, skip roster writes and report that explicitly. Execute the sync immediately and write the updates directly to the target profile.

Accounts to sync:
- maxpreps: https://www.maxpreps.com/tx/coppell/coppell-cowboys/football/
- x: https://x.com/coppellfootball","1","0","1","{""completed"":1}"
"Sync my connected accounts. Linked accounts in this job: maxpreps. Target profile: NXT1 profile. Collect and add or update all relevant athlete fields now (bio, team context, position details, measurables, achievements, offers, and recent performance/news). Never invent or fabricate missing data. Execute the sync immediately and write the updates directly to the target profile.

Accounts to sync:
- maxpreps: https://www.maxpreps.com/az/phoenix/maryvale-panthers/athletes/adrain-stubbs/?careerid=bnbf4gt7mdu77","1","0","1","{""completed"":1}"
"Sync my connected accounts. Linked accounts in this job: maxpreps. Target profile: NXT1 profile. Collect and add or update all relevant athlete fields now (bio, team context, position details, measurables, achievements, offers, and recent performance/news). Never invent or fabricate missing data. Execute the sync immediately and write the updates directly to the target profile.

Accounts to sync:
- maxpreps: https://www.maxpreps.com/ca/shafter/shafter-generals/athletes/ezekiel-osborne/?careerid=ovo91tjltc9bb","1","0","1","{""completed"":1}"
"Sync my connected accounts. Linked accounts in this job: maxpreps. Target profile: NXT1 profile. Collect and add or update all relevant athlete fields now (bio, team context, position details, measurables, achievements, offers, and recent performance/news). Never invent or fabricate missing data. Execute the sync immediately and write the updates directly to the target profile.

Accounts to sync:
- maxpreps: https://www.maxpreps.com/tx/desoto/desoto-fighting-eagles/athletes/sarod-baker/?careerid=3onronb7r8d77","1","0","1","{""completed"":1}"
"Sync my connected accounts. Linked accounts in this job: maxpreps. Target profile: NXT1 profile. Collect and add or update all relevant athlete fields now (bio, team context, position details, measurables, achievements, offers, and recent performance/news). Never invent or fabricate missing data. Execute the sync immediately and write the updates directly to the target profile.

Accounts to sync:
- maxpreps: https://www.maxpreps.com/tx/timpson/timpson-bears/athletes/terry-bussey/?careerid=2hrjpuai20fqa","1","0","1","{""completed"":1}"
"Sync my connected accounts. Linked accounts in this job: maxpreps. Target profile: NXT1 profile. Collect and add or update all relevant athlete fields now (bio, team context, position details, measurables, achievements, offers, and recent performance/news). Never invent or fabricate missing data. Execute the sync immediately and write the updates directly to the target profile.

Accounts to sync:
- maxpreps: https://www.maxpreps.com/tx/wall/wall-hawks/athletes/jacob-braden/?careerid=0ekfhhhutv800","1","0","1","{""completed"":1}"
"Sync my connected accounts. Linked accounts in this job: maxpreps. Target profile: team profile. Collect and add or update all relevant team fields now (identity, schedule, roster context, recruiting updates, achievements, and recent news). Never invent or fabricate roster players; if source roster data is empty, skip roster writes and report that explicitly. Execute the sync immediately and write the updates directly to the target profile.

Accounts to sync:
- maxpreps: https://www.maxpreps.com/co/berthoud/berthoud-spartans/athletes/jackson-bridges/?careerid=ecfu06vb7ipsc","1","0","1","{""completed"":1}"
"Sync my connected accounts. Linked accounts in this job: sportsrecruits, x. Target profile: NXT1 profile. Collect and add or update all relevant athlete fields now (bio, team context, position details, measurables, achievements, offers, and recent performance/news). Never invent or fabricate missing data. Execute the sync immediately and write the updates directly to the target profile.

Accounts to sync:
- sportsrecruits: https://my.sportsrecruits.com/athlete/kelsie_moran2
- x: https://x.com/KelsieMoranVB2027","1","0","1","{""completed"":1}"
"Sync my connected accounts. Linked accounts in this job: sportsrecruits. Target profile: NXT1 profile. Collect and add or update all relevant athlete fields now (bio, team context, position details, measurables, achievements, offers, and recent performance/news). Never invent or fabricate missing data. Execute the sync immediately and write the updates directly to the target profile.

Accounts to sync:
- sportsrecruits: https://app.sportsrecruits.com/dashboard","1","0","1","{""awaiting_input"":1}"
"Sync my connected accounts. Linked accounts in this job: tiktok, facebook. Target profile: NXT1 profile. Collect and add or update all relevant athlete fields now (bio, team context, position details, measurables, achievements, offers, and recent performance/news). Never invent or fabricate missing data. Execute the sync immediately and write the updates directly to the target profile.

Accounts to sync:
- tiktok: https://tiktok.com/@justnoah66
- facebook: https://www.facebook.com/profile.php?id=100079760240286","1","0","1","{""completed"":1}"
"Sync my connected accounts. Linked accounts in this job: tiktok. Target profile: NXT1 profile. Collect and add or update all relevant athlete fields now (bio, team context, position details, measurables, achievements, offers, and recent performance/news). Never invent or fabricate missing data. Execute the sync immediately and write the updates directly to the target profile.

Accounts to sync:
- tiktok: @Lamine_soumahjr","1","0","1","{""completed"":1}"
"Sync my connected accounts. Linked accounts in this job: tiktok. Target profile: NXT1 profile. Collect and add or update all relevant athlete fields now (bio, team context, position details, measurables, achievements, offers, and recent performance/news). Never invent or fabricate missing data. Execute the sync immediately and write the updates directly to the target profile.

Accounts to sync:
- tiktok: @lulrell7","1","0","1","{""completed"":1}"
"Sync my connected accounts. Linked accounts in this job: tiktok. Target profile: NXT1 profile. Collect and add or update all relevant athlete fields now (bio, team context, position details, measurables, achievements, offers, and recent performance/news). Never invent or fabricate missing data. Execute the sync immediately and write the updates directly to the target profile.

Accounts to sync:
- tiktok: @msiwek_1","1","0","1","{""completed"":1}"
"Sync my connected accounts. Linked accounts in this job: twitter, instagram. Target profile: NXT1 profile. Collect and add or update all relevant athlete fields now (bio, team context, position details, measurables, achievements, offers, and recent performance/news). Never invent or fabricate missing data. Execute the sync immediately and write the updates directly to the target profile.

Accounts to sync:
- twitter: @AlyssaAiello29
- instagram: Alyssaaiellovb29","1","0","1","{""completed"":1}"
"Sync my connected accounts. Linked accounts in this job: twitter, instagram. Target profile: NXT1 profile. Collect and add or update all relevant athlete fields now (bio, team context, position details, measurables, achievements, offers, and recent performance/news). Never invent or fabricate missing data. Execute the sync immediately and write the updates directly to the target profile.

Accounts to sync:
- twitter: @Anthonytenuto_
- instagram: Anthonytenuto_","1","0","1","{""completed"":1}"
"Sync my connected accounts. Linked accounts in this job: twitter, instagram. Target profile: NXT1 profile. Collect and add or update all relevant athlete fields now (bio, team context, position details, measurables, achievements, offers, and recent performance/news). Never invent or fabricate missing data. Execute the sync immediately and write the updates directly to the target profile.

Accounts to sync:
- twitter: @CurnesJoshua
- instagram: Jcurnes24","1","0","1","{""completed"":1}"
"Sync my connected accounts. Linked accounts in this job: twitter, instagram. Target profile: NXT1 profile. Collect and add or update all relevant athlete fields now (bio, team context, position details, measurables, achievements, offers, and recent performance/news). Never invent or fabricate missing data. Execute the sync immediately and write the updates directly to the target profile.

Accounts to sync:
- twitter: @Escarbrough21
- instagram: e.scarbrough21","1","0","1","{""completed"":1}"
"Sync my connected accounts. Linked accounts in this job: twitter, instagram. Target profile: NXT1 profile. Collect and add or update all relevant athlete fields now (bio, team context, position details, measurables, achievements, offers, and recent performance/news). Never invent or fabricate missing data. Execute the sync immediately and write the updates directly to the target profile.

Accounts to sync:
- twitter: @Evan_Rupinta
- instagram: evancito11","1","0","1","{""completed"":1}"
"Sync my connected accounts. Linked accounts in this job: twitter, instagram. Target profile: NXT1 profile. Collect and add or update all relevant athlete fields now (bio, team context, position details, measurables, achievements, offers, and recent performance/news). Never invent or fabricate missing data. Execute the sync immediately and write the updates directly to the target profile.

Accounts to sync:
- twitter: @Isaiahhoopsx
- instagram: walkdown._zaiah","1","0","1","{""completed"":1}"
"Sync my connected accounts. Linked accounts in this job: twitter, instagram. Target profile: NXT1 profile. Collect and add or update all relevant athlete fields now (bio, team context, position details, measurables, achievements, offers, and recent performance/news). Never invent or fabricate missing data. Execute the sync immediately and write the updates directly to the target profile.

Accounts to sync:
- twitter: @Jacob34Ramos
- instagram: Hat4d.jake","1","0","1","{""completed"":1}"
"Sync my connected accounts. Linked accounts in this job: twitter, instagram. Target profile: NXT1 profile. Collect and add or update all relevant athlete fields now (bio, team context, position details, measurables, achievements, offers, and recent performance/news). Never invent or fabricate missing data. Execute the sync immediately and write the updates directly to the target profile.

Accounts to sync:
- twitter: @Lamine_soumah27
- instagram: lamine_soumah_jr","1","0","1","{""completed"":1}"
"Sync my connected accounts. Linked accounts in this job: twitter, instagram. Target profile: NXT1 profile. Collect and add or update all relevant athlete fields now (bio, team context, position details, measurables, achievements, offers, and recent performance/news). Never invent or fabricate missing data. Execute the sync immediately and write the updates directly to the target profile.

Accounts to sync:
- twitter: @MasonSiwek
- instagram: Mason44","1","0","1","{""completed"":1}"
"Sync my connected accounts. Linked accounts in this job: twitter, instagram. Target profile: NXT1 profile. Collect and add or update all relevant athlete fields now (bio, team context, position details, measurables, achievements, offers, and recent performance/news). Never invent or fabricate missing data. Execute the sync immediately and write the updates directly to the target profile.

Accounts to sync:
- twitter: @Ricky13fer
- instagram: Rickyfernandez002","1","0","1","{""completed"":1}"
"Sync my connected accounts. Linked accounts in this job: twitter, instagram. Target profile: NXT1 profile. Collect and add or update all relevant athlete fields now (bio, team context, position details, measurables, achievements, offers, and recent performance/news). Never invent or fabricate missing data. Execute the sync immediately and write the updates directly to the target profile.

Accounts to sync:
- twitter: @armond_gadson
- instagram: a11_2tuff","1","0","1","{""completed"":1}"
"Sync my connected accounts. Linked accounts in this job: twitter, instagram. Target profile: NXT1 profile. Collect and add or update all relevant athlete fields now (bio, team context, position details, measurables, achievements, offers, and recent performance/news). Never invent or fabricate missing data. Execute the sync immediately and write the updates directly to the target profile.

Accounts to sync:
- twitter: @corbin_hoover66
- instagram: Corbin.hoove08","1","0","1","{""completed"":1}"
"Sync my connected accounts. Linked accounts in this job: twitter, instagram. Target profile: NXT1 profile. Collect and add or update all relevant athlete fields now (bio, team context, position details, measurables, achievements, offers, and recent performance/news). Never invent or fabricate missing data. Execute the sync immediately and write the updates directly to the target profile.

Accounts to sync:
- twitter: @jamal_jones4
- instagram: jamal.jones4","1","0","1","{""completed"":1}"
"Sync my connected accounts. Linked accounts in this job: twitter, instagram. Target profile: NXT1 profile. Collect and add or update all relevant athlete fields now (bio, team context, position details, measurables, achievements, offers, and recent performance/news). Never invent or fabricate missing data. Execute the sync immediately and write the updates directly to the target profile.

Accounts to sync:
- twitter: @lhmedeiros09
- instagram: l.u.i.z.000","1","0","1","{""completed"":1}"
"Sync my connected accounts. Linked accounts in this job: twitter, instagram. Target profile: NXT1 profile. Collect and add or update all relevant athlete fields now (bio, team context, position details, measurables, achievements, offers, and recent performance/news). Never invent or fabricate missing data. Execute the sync immediately and write the updates directly to the target profile.

Accounts to sync:
- twitter: @strxpemmir
- instagram: sakchasermir","1","0","1","{""completed"":1}"
"Sync my connected accounts. Linked accounts in this job: twitter. Target profile: NXT1 profile. Collect and add or update all relevant athlete fields now (bio, team context, position details, measurables, achievements, offers, and recent performance/news). Never invent or fabricate missing data. Execute the sync immediately and write the updates directly to the target profile.

Accounts to sync:
- twitter: @JJSantiago08","1","0","1","{""completed"":1}"
"Sync my connected accounts. Linked accounts in this job: twitter. Target profile: NXT1 profile. Collect and add or update all relevant athlete fields now (bio, team context, position details, measurables, achievements, offers, and recent performance/news). Never invent or fabricate missing data. Execute the sync immediately and write the updates directly to the target profile.

Accounts to sync:
- twitter: @Ngoode2026","1","0","1","{""completed"":1}"
"Sync my connected accounts. Linked accounts in this job: twitter. Target profile: NXT1 profile. Collect and add or update all relevant athlete fields now (bio, team context, position details, measurables, achievements, offers, and recent performance/news). Never invent or fabricate missing data. Execute the sync immediately and write the updates directly to the target profile.

Accounts to sync:
- twitter: jmun011","1","0","1","{""completed"":1}"
"Sync my connected accounts. Linked accounts in this job: x, hudl. Target profile: NXT1 profile. Collect and add or update all relevant athlete fields now (bio, team context, position details, measurables, achievements, offers, and recent performance/news). Never invent or fabricate missing data. Execute the sync immediately and write the updates directly to the target profile.

Accounts to sync:
- x: https://x.com/M1nextup
- hudl: https://www.hudl.com/profile/23096371/Michael-Mull","1","1","0","{""failed"":1}"
"Sync my connected accounts. Linked accounts in this job: x, hudl. Target profile: NXT1 profile. Collect and add or update all relevant athlete fields now (bio, team context, position details, measurables, achievements, offers, and recent performance/news). Never invent or fabricate missing data. Execute the sync immediately and write the updates directly to the target profile.

Accounts to sync:
- x: https://x.com/NoahWal12018276
- hudl: http://www.hudl.com/profile/30520624","1","0","1","{""completed"":1}"
"Sync my connected accounts. Linked accounts in this job: x, hudl. Target profile: NXT1 profile. Collect and add or update all relevant athlete fields now (bio, team context, position details, measurables, achievements, offers, and recent performance/news). Never invent or fabricate missing data. Execute the sync immediately and write the updates directly to the target profile.

Accounts to sync:
- x: https://x.com/antwann_jr
- hudl: https://www.hudl.com/profile/13789796/Antwann-Hill-Jr","1","0","1","{""completed"":1}"
"Sync my connected accounts. Linked accounts in this job: x, hudl. Target profile: NXT1 profile. Collect and add or update all relevant athlete fields now (bio, team context, position details, measurables, achievements, offers, and recent performance/news). Never invent or fabricate missing data. Execute the sync immediately and write the updates directly to the target profile.

Accounts to sync:
- x: https://x.com/devmonster
- hudl: https://hudl.com/nns","1","0","1","{""completed"":1}"
"Sync my connected accounts. Linked accounts in this job: x, hudl. Target profile: NXT1 profile. Collect and add or update all relevant athlete fields now (bio, team context, position details, measurables, achievements, offers, and recent performance/news). Never invent or fabricate missing data. Execute the sync immediately and write the updates directly to the target profile.

Accounts to sync:
- x: https://x.com/nns1807
- hudl: https://www.hudl.com/profile/3850048/John-Keller","1","0","1","{""completed"":1}"
"Sync my connected accounts. Linked accounts in this job: x, hudl. Target profile: NXT1 profile. Collect and add or update all relevant athlete fields now (bio, team context, position details, measurables, achievements, offers, and recent performance/news). Never invent or fabricate missing data. Execute the sync immediately and write the updates directly to the target profile.

Accounts to sync:
- x: https://x.com/tatumbrayl91888
- hudl: http://www.hudl.com/profile/22455127","1","0","1","{""completed"":1}"
"Sync my connected accounts. Linked accounts in this job: x, hudl. Target profile: team profile. Collect and add or update all relevant team fields now (identity, schedule, roster context, achievements, recent news, and recruiting records for identifiable prospects). Never invent or fabricate roster players; if source roster data is empty, skip roster writes and report that explicitly. When a recruiting mention identifies a prospect, write a team-linked recruiting record and link it to the athlete account when a valid rostered athlete target exists. Execute the sync immediately and write the updates directly to the target profile.

Accounts to sync:
- x: https://x.com/SV_Cardinals_FB
- hudl: https://www.hudl.com/team/v2/32147/Boys-Varsity-Football","1","0","1","{""completed"":1}"
"Sync my connected accounts. Linked accounts in this job: x, hudl. Target profile: team profile. Collect and add or update all relevant team fields now (identity, schedule, roster context, recruiting updates, achievements, and recent news). Never invent or fabricate roster players; if source roster data is empty, skip roster writes and report that explicitly. Execute the sync immediately and write the updates directly to the target profile.

Accounts to sync:
- x: https://x.com/nns1807
- hudl: https://www.hudl.com/profile/3850048/John-Keller","1","0","1","{""completed"":1}"
"Sync my connected accounts. Linked accounts in this job: x, instagram. Target profile: NXT1 profile. Collect and add or update all relevant athlete fields now (bio, team context, position details, measurables, achievements, offers, and recent performance/news). Never invent or fabricate missing data. Execute the sync immediately and write the updates directly to the target profile.

Accounts to sync:
- x: https://x.com/Armondthtguy71
- instagram: https://instagram.com/big_money_71","1","0","1","{""completed"":1}"
"Sync my connected accounts. Linked accounts in this job: x, instagram. Target profile: NXT1 profile. Collect and add or update all relevant athlete fields now (bio, team context, position details, measurables, achievements, offers, and recent performance/news). Never invent or fabricate missing data. Execute the sync immediately and write the updates directly to the target profile.

Accounts to sync:
- x: https://x.com/keymolayemdown
- instagram: https://instagram.com/keymo30x","1","0","1","{""completed"":1}"
"Sync my connected accounts. Linked accounts in this job: x, instagram. Target profile: NXT1 profile. Collect and add or update all relevant athlete fields now (bio, team context, position details, measurables, achievements, offers, and recent performance/news). Never invent or fabricate missing data. Execute the sync immediately and write the updates directly to the target profile.

Accounts to sync:
- x: https://x.com/lulrell123
- instagram: https://instagram.com/lul_rell1","1","0","1","{""completed"":1}"
"Sync my connected accounts. Linked accounts in this job: x, maxpreps. Target profile: NXT1 profile. Collect and add or update all relevant athlete fields now (bio, team context, position details, measurables, achievements, offers, and recent performance/news). Never invent or fabricate missing data. Execute the sync immediately and write the updates directly to the target profile.

Accounts to sync:
- x: https://x.com/kolbylams
- maxpreps: https://maxpreps.app.link/JEMtM3F8p3b","1","0","1","{""completed"":1}"
"Sync my connected accounts. Linked accounts in this job: x, tiktok. Target profile: NXT1 profile. Collect and add or update all relevant athlete fields now (bio, team context, position details, measurables, achievements, offers, and recent performance/news). Never invent or fabricate missing data. Execute the sync immediately and write the updates directly to the target profile.

Accounts to sync:
- x: https://x.com/Teaz55
- tiktok: https://tiktok.com/@teaz_lindsey","1","0","1","{""completed"":1}"
"Sync my connected accounts. Linked accounts in this job: x. Target profile: NXT1 profile. Collect and add or update all relevant athlete fields now (bio, team context, position details, measurables, achievements, offers, and recent performance/news). Never invent or fabricate missing data. Execute the sync immediately and write the updates directly to the target profile.

Accounts to sync:
- x: https://x.com/antwann_jr","1","0","1","{""completed"":1}"
"Sync my connected accounts. Linked accounts in this job: x. Target profile: team profile. Collect and add or update all relevant team fields now (identity, schedule, roster context, achievements, recent news, and recruiting records for identifiable prospects). Never invent or fabricate roster players; if source roster data is empty, skip roster writes and report that explicitly. When a recruiting mention identifies a prospect, write a team-linked recruiting record and link it to the athlete account when a valid rostered athlete target exists. Execute the sync immediately and write the updates directly to the target profile.

Accounts to sync:
- x: https://x.com/AKBuchtelGriffs","1","0","1","{""completed"":1}"
"Sync my connected accounts. Linked accounts in this job: x. Target profile: team profile. Collect and add or update all relevant team fields now (identity, schedule, roster context, achievements, recent news, and recruiting records for identifiable prospects). Never invent or fabricate roster players; if source roster data is empty, skip roster writes and report that explicitly. When a recruiting mention identifies a prospect, write a team-linked recruiting record and link it to the athlete account when a valid rostered athlete target exists. Execute the sync immediately and write the updates directly to the target profile.

Accounts to sync:
- x: https://x.com/BHSArcsFootball","1","0","1","{""completed"":1}"
"Sync my connected accounts. Linked accounts in this job: x. Target profile: team profile. Collect and add or update all relevant team fields now (identity, schedule, roster context, achievements, recent news, and recruiting records for identifiable prospects). Never invent or fabricate roster players; if source roster data is empty, skip roster writes and report that explicitly. When a recruiting mention identifies a prospect, write a team-linked recruiting record and link it to the athlete account when a valid rostered athlete target exists. Execute the sync immediately and write the updates directly to the target profile.

Accounts to sync:
- x: https://x.com/NordKnightFB","1","0","1","{""completed"":1}"
"Sync my connected accounts. Linked accounts in this job: x. Target profile: team profile. Collect and add or update all relevant team fields now (identity, schedule, roster context, recruiting updates, achievements, and recent news). Never invent or fabricate roster players; if source roster data is empty, skip roster writes and report that explicitly. Execute the sync immediately and write the updates directly to the target profile.

Accounts to sync:
- x: https://x.com/BucsFootball","1","0","1","{""completed"":1}"
"Sync my connected accounts. Linked accounts in this job: x. Target profile: team profile. Collect and add or update all relevant team fields now (identity, schedule, roster context, recruiting updates, achievements, and recent news). Never invent or fabricate roster players; if source roster data is empty, skip roster writes and report that explicitly. Execute the sync immediately and write the updates directly to the target profile.

Accounts to sync:
- x: https://x.com/alleastsports","1","0","1","{""completed"":1}"
"Sync my connected accounts. Linked accounts in this job: x. Target profile: team profile. Collect and add or update all relevant team fields now (identity, schedule, roster context, recruiting updates, achievements, and recent news). Never invent or fabricate roster players; if source roster data is empty, skip roster writes and report that explicitly. Execute the sync immediately and write the updates directly to the target profile.

Accounts to sync:
- x: https://x.com/footballhoover","1","0","1","{""completed"":1}"
"Sync my connected accounts. Linked accounts in this job: youtube, instagram. Target profile: NXT1 profile. Collect and add or update all relevant athlete fields now (bio, team context, position details, measurables, achievements, offers, and recent performance/news). Never invent or fabricate missing data. Execute the sync immediately and write the updates directly to the target profile.

Accounts to sync:
- youtube: https://youtube.com/@gk.baconn
- instagram: https://instagram.com/gk.bacon_","1","0","1","{""completed"":1}"
"Sync my connected accounts. Linked accounts in this job: youtube, instagram. Target profile: NXT1 profile. Collect and add or update all relevant athlete fields now (bio, team context, position details, measurables, achievements, offers, and recent performance/news). Never invent or fabricate missing data. Execute the sync immediately and write the updates directly to the target profile.

Accounts to sync:
- youtube: https://youtube.com/@kelsiemoranVolleyball
- instagram: https://instagram.com/KelsieMoranVB","1","0","1","{""completed"":1}"
"Sync my connected accounts. Linked accounts in this job: youtube, twitter. Target profile: NXT1 profile. Collect and add or update all relevant athlete fields now (bio, team context, position details, measurables, achievements, offers, and recent performance/news). Never invent or fabricate missing data. Execute the sync immediately and write the updates directly to the target profile.

Accounts to sync:
- youtube: https://youtube.com/@izayahross2030?si=luRf8AYaPSYTzgU8
- twitter: @IzayahRoss2030","1","0","1","{""completed"":1}"
"Sync my connected accounts. Linked accounts in this job: youtube. Target profile: NXT1 profile. Collect and add or update all relevant athlete fields now (bio, team context, position details, measurables, achievements, offers, and recent performance/news). Never invent or fabricate missing data. Execute the sync immediately and write the updates directly to the target profile.

Accounts to sync:
- youtube: https://youtube.com/@mike2tuff13","1","1","0","{""failed"":1}"
"Tell me again u stopped for some reason","1","0","1","{""completed"":1}"
"Tell me how u can help me","1","0","1","{""completed"":1}"
"Thank you no I wanna make my brother a graphic to post online. He just hit the school record in a discus throw at his last meet. He got the school record and the meat record. How do I go about making a graphic for him on here?","1","0","1","{""completed"":1}"
"These diagrams are not good","1","0","1","{""completed"":1}"
"This isn’t his x profile image and that’s not the correct NXT1 logo","1","0","1","{""completed"":1}"
"Those are the only action shots I have. If it ends up bad I can send a new one","1","0","1","{""completed"":1}"
"Trim from 1- 7s","1","0","1","{""completed"":1}"
"Trim from 1s to 7s","1","0","1","{""completed"":1}"
"Tru pdf version","1","0","1","{""completed"":1}"
"Try the recruiting records again should work now","1","0","1","{""completed"":1}"
"Use his X profile image","1","0","1","{""completed"":1}"
"We face brush high school football lyndhurst football. Do you see there film on NXT 1","1","0","1","{""completed"":1}"
"Weekly Content Plan Check-In for Antwann Hill Jr (QB, Houston County, Class of 2025). Every Monday morning: (1) Review last week's posts and surface engagement data. (2) Generate a Monday training content prompt with a caption hook based on current off-season phase. (3) Remind Antwann of this week's content schedule — which pillar is due each day, what type of content to capture, and the recommended post time. (4) Flag any upcoming camps, events, or recruiting milestones worth building content around. (5) Suggest one graphic or video edit to produce this week. Keep it concise, actionable, and consistent with his QB brand and pro-athlete goal.","1","0","1","{""completed"":1}"
"Weight 165","1","0","1","{""cancelled"":1}"
"What all did u get from my profile","1","0","1","{""completed"":1}"
"What all do you have about us so far","1","0","1","{""completed"":1}"
"What all u have about our team","1","0","1","{""completed"":1}"
"What all u know about me","1","0","1","{""completed"":1}"
"What can Agent X do for me","1","0","1","{""completed"":1}"
"What colleges are interested to me","1","0","1","{""completed"":1}"
"What happened to his career in 1943","1","0","1","{""completed"":1}"
"What is NXt1","1","0","1","{""completed"":1}"
"What time","1","0","1","{""paused"":1}"
"What time is 1 hour from now so u can schedule task for me","1","0","1","{""completed"":1}"
"What’s the email for Millsaps college men’s basketball coach","1","0","1","{""completed"":1}"
"When is the dead period for football recruiting","1","0","1","{""completed"":1}"
"Where is the diagrams","1","0","1","{""completed"":1}"
"Why cant I open the graphic","1","0","1","{""completed"":1}"
"Why didn’t this get done?","1","0","1","{""completed"":1}"
"Why didn’t u add any diagrams to them","1","0","1","{""completed"":1}"
"Why didn’t u add any to my profile?","1","0","1","{""completed"":1}"
"Why is your time off? Is something not set correctly? It is currently 4:58 pm eastern","1","0","1","{""completed"":1}"
"Yeah break down the first one for me","1","0","1","{""completed"":1}"
"Yeah they are","1","0","1","{""completed"":1}"
"You changed it and I asked you not to put it back to previous version with just the name change!","1","0","1","{""completed"":1}"
"add my video to my profile","1","0","1","{""completed"":1}"
"add to my photo and Post it to your feed right now?","1","0","1","{""completed"":1}"
"analysis my profile then create pdf full scounting report","1","0","1","{""completed"":1}"
"analysis my recent game performance and create a full scounting report","1","0","1","{""completed"":1}"
"analysis video","1","0","1","{""completed"":1}"
"can i see email template","1","0","1","{""completed"":1}"
"can i see it","1","0","1","{""completed"":1}"
"create me a welcome graphic","1","0","1","{""completed"":1}"
"generate playbooks","1","0","1","{""completed"":1}"
"help me improve my profile","1","0","1","{""completed"":1}"
"i want to pick colleges and send out email campaigns","1","0","1","{""cancelled"":1}"
"is my email connected ?","1","0","1","{""completed"":1}"
"it looks good but can u do another one","1","0","1","{""completed"":1}"
"make a highlight video","1","0","1","{""completed"":1}"
"make a post to my profile","1","0","1","{""completed"":1}"
"show me pdf about me","1","0","1","{""completed"":1}"
"sync again","1","0","1","{""completed"":1}"
"trim each video from 1s - 3s and merge all into highlight reel","1","0","1","{""completed"":1}"
"trim my video from 3 - 9s video and send me back","1","0","1","{""completed"":1}"
"trim this video from 4 - 9 second and send me back","1","0","1","{""completed"":1}"
"turn into highlight reel","1","0","1","{""completed"":1}"
"u decide","1","0","1","{""completed"":1}"
"use this as a email template 
Hello coach (Coach Name),
My name is Malachi Githua, C/O 2027 from Baltimore , Maryland. I’m a 5’9”, 165 lb quick and physical, possession WR (best hands in Maryland). I would love to talk about my future in both academics and football.

315lb Squat

185lb Bench

72’ Wingspan

10’ Hand size

4.19 GPA

500+ yards, 30+ REC, 3 touchdowns (Run heavy team, Will be transferring)

https://www.hudl.com/v/2TetwY

X: @StaydownKg

Best regards,

Malachi Githua 
615-586-6993
Mgithua3013@gmail.com","1","0","1","{""completed"":1}"
"what time is it?","1","0","1","{""completed"":1}"
"yea","1","0","1","{""completed"":1}"
"📎 2 files","1","0","1","{""completed"":1}"
"📎 3 files","1","0","1","{""completed"":1}"
